boys,2
hate,3
i,22
akan,3
aku,9
ayah,1
boleh,1
dia,2
jika,1
lain,2
lelaki,1
memilih,1
mencintai,2
rt,2
selain,1
tentu,1
assenza,1
caratteristiche,1
che,1
ci,2
delle,1
di,12
dispongono,1
donne,2
e,9
esag,1
famose,1
l,5
politiche,1
pudore,1
solo,2
sono,1
tre,1
co,152
http,158
q,2
t,199
disaster,1
do,15
forbes,1
how,5
mine,1
s,20
spell,1
via,7
you,49
god,1
pray,1
want,4
got,1
we,9
flirt,1
fucking,4
lol,3
theillieststorm,1
n,5
tuuuang,1
u,7
flowzflowz,1
ladyboy,1
room,1
shemale,1
tranny,1
blurting,1
hide,1
involuntary,1
just,11
like,17
shit,4
something,2
trying,2
from,7
top,2
around,2
day,1
going,1
great,1
out,5
sing,2
today,5
world,2
your,9
ako,3
kahit,1
kami,2
kayo,1
kirstenvelasco,1
kung,2
laguna,1
lang,3
mga,1
mo,7
na,8
nagpipizza,2
nasa,2
slice,1
ai,1
appartenenti,1
con,1
concorrenza,1
coraggiose,1
fratelli,1
milioni,1
musulmani,1
followers,1
go,3
bukan,2
cam,1
dok,1
ekpm,1
hahaha,2
haishh,1
je,4
laa,1
nyanyok,1
coming,2
free,1
ba,1
lose,1
me,20
closed,1
died,1
has,2
meetin,1
miners,1
mollycrabapple,1
off,4
where,2
b,4
https,4
nilai,1
pic,1
babe,1
hell,1
see,1
awesome,1
now,2
breaking,1
clubs,2
have,17
media,1
agnezmo,1
baru,2
buat,1
cover,1
dengerin,1
feat,2
hardcore,1
historycucumber,1
musik,1
rame,2
song,3
suka,1
yang,9
yuk,3
angles,1
becomes,1
bodies,1
comes,1
everyone,1
louisvirtel,1
mess,1
smirks,1
sweat,1
until,2
did,1
mention,2
why,6
boom,2
cess,1
hahahahaha,1
malandi,1
panith,1
ang,2
batas,1
boto,1
evictee,2
gumawa,1
matinding,1
mula,1
ng,4
ni,5
paglabag,1
sa,5
matter,1
support,2
what,6
alahaii,1
henset,1
problem,2
pulak,1
atau,2
berkembang,1
cara,1
d,6
mandet,1
nya,4
pikir,1
miss,7
sigh,1
sos,1
twitcams,1
ll,4
lulualhubail,1
m,20
r,2
x,7
cause,4
yukiuver,1
against,3
ass,1
barcelona,1
my,19
probably,2
somehow,1
supporting,1
uefalona,1
brooks,1
luke,1
nnegypt,2
carpet,1
government,1
happened,1
kidnappings,1
nothing,3
response,1
sweep,1
under,2
wanted,2
veryxlovexyou,1
facebook,1
new,2
hn,1
get,6
k,3
ke,5
need,9
ary,2
cc,1
detikcom,2
hafidz,2
januar,1
koalisi,1
saya,1
z,2
entrare,1
non,3
ora,1
posso,1
duhhhjada,1
am,6
ask,2
control,1
could,5
don,17
gx,1
instead,1
letting,1
next,1
someone,4
time,5
wrongs,1
quote,1
tweet,2
abang,1
care,1
dipanah,1
atimu,1
berharap,1
dewe,1
kae,1
koe,1
mungkin,1
ndobolkuro,1
nglarani,1
tapi,3
terlalu,1
udu,1
jnnfrp,1
mother,1
fanart,1
mewzim,1
maindish,1
o,13
follow,1
ada,6
anda,1
g,9
ini,11
legend,2
pada,3
zaman,1
y,6
thewxntedd,1
xx,1
story,1
berada,1
dekatmu,1
hati,3
kan,1
namun,2
selamanya,1
tak,7
untukmu,1
arisane,1
htt,2
murugan,1
vadivel,1
life,2
back,3
love,1
who,5
gold,1
ve,2
enjoyment,1
enough,2
examples,1
hook,1
isn,2
more,3
neat,1
sure,1
things,1
way,2
guys,2
lot,1
re,8
year,1
came,1
akl,1
dku,1
ktnt,1
utk,3
big,1
had,1
head,2
when,9
donkk,1
meutiakdy,1
pin,2
amp,4
again,2
all,7
watch,1
others,1
v,3
w,1
dan,10
praktikal,1
redhai,1
iiwanan,1
kunin,1
lahat,1
sakin,2
pp,1
one,4
person,1
stats,1
mesin,1
spinner,1
well,1
kawakami,1
takuya,1
apa,4
curhat,1
masalah,1
sahabat,1
sama,1
sering,1
tentang,3
kau,2
ffs,1
lalalaaliice,1
phone,3
stephanielingi,1
took,2
doh,1
feel,4
handle,2
own,2
problems,1
sorry,2
try,1
ya,12
yuh,1
yuhself,1
fuckkkkkkkkkkkkkkkkkkkkkkk,1
fah,1
nattaya,1
thanks,1
any,1
beyond,1
church,1
fired,2
full,1
keep,2
pastor,1
senior,1
service,1
up,9
wcagls,1
women,2
would,1
f,2
before,3
hope,3
last,1
run,1
tomorrow,1
weather,1
tea,1
gonna,2
dakmin,1
fofo,3
yl,3
come,2
front,1
her,5
rihanna,1
act,1
bag,2
behave,1
jus,1
people,6
sauces,1
throw,1
wages,1
work,4
being,4
nancy,1
negative,1
tweets,3
adalah,2
aspek,1
bahwa,1
fisik,1
hrus,1
keyakinan,1
kondisi,1
mencapai,1
menjadi,2
sempurna,1
seseorang,2
terbaik,1
best,1
friends,1
than,1
drinking,1
weekend,1
ah,3
away,3
days,3
jasesidlow,1
season,1
tinpot,1
good,2
nw,1
da,5
j,2
ko,3
za,1
keterangan,1
lanjut,1
lebih,5
teeffaah,1
comel,2
kreatif,1
la,5
nadirah,1
nur,1
skit,1
tunjuk,1
yg,6
indo,1
mengikuti,1
sah,1
sbg,1
store,2
tanda,1
arek,1
goro,1
haha,2
iki,1
kepett,1
padal,1
piia,1
tok,1
intriguing,1
opportunity,1
presents,1
blame,2
brother,2
can,9
him,4
myself,2
too,2
times,2
because,4
body,1
dead,2
hurt,2
whole,1
dat,3
en,1
thing,3
burst,1
dey,1
cecilievilde,1
er,1
helt,1
jeg,1
mai,1
og,1
ser,2
ut,1
measured,1
ruler,1
kenapa,1
help,2
really,1
us,5
smile,2
them,2
kita,4
mereka,1
tah,1
pero,1
h,4
ka,7
always,1
once,1
very,3
lng,1
sagot,1
ung,1
ate,1
does,2
fuckin,3
mean,1
ok,1
rona,1
ronalaxy,1
sandwich,1
tuna,3
jo,4
knockknock,1
kris,2
nm,1
il,1
find,3
fluently,1
marmyla,1
since,4
play,3
bbm,1
gratiajoanne,1
okay,4
bagi,2
bertahun,1
bs,1
dgn,1
dsini,1
kelayakan,1
masy,1
memberi,1
sehingga,1
semacam,1
status,1
tes,1
ujian,1
ustadz,1
comments,1
fire,1
berakhir,1
kapan,1
membosankan,1
satnite,1
gets,1
sue,1
tries,1
dah,1
lu,1
ahmad,1
happy,2
im,1
its,1
offline,1
tough,1
whats,1
ye,2
hub,1
rb,2
c,2
scare,1
survives,1
cha,1
inu,1
owwww,1
mana,3
nggak,1
pengen,1
ekogaskarth,1
mengecewakan,1
mudahan,1
tidak,1
p,6
sbb,1
should,3
kompascom,1
mu,1
chinchillas,1
everything,1
family,1
duhjan,1
fitrotunnsa,1
iya,2
nyg,1
yaamat,1
kang,1
wala,1
yung,1
aiz,1
krievs,1
muguras,1
nebija,1
protams,1
reizi,1
pictures,1
staring,2
stop,4
yesterday,1
bila,1
single,1
taken,1
about,5
been,4
peyottt,1
ever,2
charger,1
doesnt,3
electricity,1
means,1
sungyeoreo,1
itu,4
satu,2
dont,2
even,1
better,1
behuman,1
humanity,1
ima,1
iz,1
nas,1
poplave,1
poruku,1
praznu,1
aqilahnadzir,1
dengar,1
isnin,1
jawapan,1
malam,1
nak,3
petang,1
pilih,1
sarahysmne,1
subuh,1
yoo,1
yooo,1
much,1
mideast,1
yuu,1
depressed,1
let,2
so,7
spread,1
yen,1
months,2
trophy,2
won,3
years,2
air,2
hemat,1
jg,1
mandi,2
sul,1
sungai,1
doongg,1
follbacknyaa,1
makasiih,1
sblmnya,1
ak,1
tu,3
bomb,1
carbomb,1
eight,1
exploded,1
killed,1
kills,1
least,1
were,4
wounded,1
mama,1
cancer,1
crashing,1
googled,1
googledoctorofdoom,1
keeps,1
symptoms,1
lt,6
banget,1
boong,1
chocoliciousmks,1
coklat,1
dari,4
gak,2
soal,1
tebel,1
ap,1
bilkul,1
kha,1
ny,1
sahi,1
al,1
pa,1
never,3
accidentally,1
avoiding,1
message,1
open,2
xc,1
boyfriend,2
angkat,1
banyak,4
bersiul,1
biar,1
dyomalikihakim,1
istighfar,1
malem,2
ntar,1
after,2
dropped,1
inconsideration,1
plans,1
same,1
able,1
dirty,1
embrace,1
fade,1
memories,1
tears,1
though,3
hindi,1
tao,1
poor,1
dong,1
jangan,2
kemana,1
mau,2
pliss,1
ujan,1
end,2
berusahalah,1
ingin,1
kamu,2
menghasilkan,1
segala,1
sesuatu,1
tekun,1
ulet,1
baekyeolliee,1
fy,1
vd,1
here,2
wish,2
actually,3
his,2
obsessed,1
sent,1
bq,1
foto,1
mengirim,1
saja,2
rinkaku,1
ohh,1
bye,2
ga,3
juga,2
build,1
game,2
know,8
line,1
pickup,1
snowman,1
wanna,2
fav,1
ama,1
gue,4
orang,3
pernah,1
sesuka,1
weyy,1
ableg,1
cdnpoli,1
eggs,1
found,1
issues,2
lakes,1
mercury,1
near,1
tarsands,1
warning,1
acc,2
cant,3
cmon,1
create,1
fany,1
ig,1
make,1
members,1
other,1
stalking,1
tiffany,1
till,1
understand,2
blown,1
drunk,1
smoked,1
snorted,1
feezasahadan,1
she,6
pai,1
dapil,1
gt,5
perempuan,1
comedy,1
jump,2
killer,2
over,4
pasti,1
eres,1
felicidad,1
ladeabril,1
lo,4
mi,1
que,5
respuesta,1
sepas,1
temo,1
le,1
fun,2
playing,2
rp,1
accepted,1
denied,1
trust,1
down,1
damn,1
freebies,1
ftkre,1
give,2
murder,1
mystery,1
might,2
som,2
adek,1
bnyak,1
dikerubut,1
hehe,1
kalo,2
ku,2
lah,2
laler,1
lg,1
modusin,1
ngrasa,1
pantes,1
tiri,1
close,1
guy,2
lives,1
boku,1
ebooks,1
pico,1
yeyeye,1
fix,1
idih,1
nawar,1
jealous,2
xmsngca,1
sana,1
stayed,1
ain,3
move,1
sitting,1
still,1
abend,1
eig,1
eine,1
einer,1
geburtstagsfeier,1
gleich,1
ich,2
japantag,1
liebe,1
meine,1
muss,1
nighttlight,1
schwester,1
und,1
zu,1
chill,1
ev,1
experience,1
rather,1
relationship,1
solid,1
some,2
beasiswa,1
detiknews,1
mahasiswa,1
penerima,1
counter,1
laju,1
meng,1
perke,1
untuk,5
loisa,1
shmaraellen,1
hard,1
pls,1
aadmi,1
huaa,1
kya,1
cr,3
case,1
hijab,1
looooooooooooooooooooooooooooool,1
ohmydays,1
walk,1
without,3
wouldn,1
feelings,1
wrong,1
xxx,1
arsey,1
reports,1
rockets,1
tens,1
along,1
jaredsoso,1
snapchat,1
afnitania,1
debysinthia,1
mwaaachh,1
nonimainda,2
sampai,2
oh,2
awww,1
atuh,1
pako,1
follback,1
udah,3
dark,1
hair,1
de,6
jodoh,1
bored,2
heatseeker,1
apaaa,1
gila,1
hahhahahaha,1
ikan,2
mkn,1
nk,2
panjing,1
td,1
tgk,1
umpannn,1
aircond,1
bak,1
direct,1
gua,1
hang,1
kene,1
pergh,2
sejuk,1
seminit,1
dg,1
kader,1
lega,1
memperhatikan,1
merah,2
ms,1
ogah,1
pkspiyungan,1
suasana,1
convict,1
ex,1
fit,2
lead,1
lindaikeji,1
fetish,1
pavement,1
yeah,1
amat,1
didn,2
sex,1
getting,1
socialmedia,1
socialmediamarketing,1
auntie,1
beaver,1
makoharada,1
apeluje,1
bebe,1
distributere,1
doniraju,1
drazenmaravic,1
hrane,1
krstu,1
opreme,1
pelena,1
proizvode,1
believe,1
kill,1
place,1
whpatterson,1
ayakhaled,1
joshuapolk,1
lady,1
wasn,1
indah,1
keinginan,1
kitaa,1
slalu,1
tuhan,1
com,1
melhor,1
minha,1
podia,1
tenho,1
bad,1
jadi,1
pun,1
face,1
through,2
ddfann,1
sumisahoo,1
bluesky,1
written,1
aboshagr,1
missed,1
penalty,1
thought,1
ijat,1
karppenkin,1
bahagian,1
ia,2
iaitu,1
kecacatan,1
normal,1
otot,1
pd,1
pendek,1
pipi,1
ternyata,1
zygomaticus,1
ditayangkan,1
ditutup,1
gaban,1
penerangan,1
screennya,1
segede,1
umum,1
hay,1
kaka,1
rumah,1
sedang,1
sutting,1
tanya,1
tempat,1
th,1
rn,1
white,1
asleep,1
falling,1
digutogozywy,1
bingung,1
dihh,1
knpa,1
nih,4
ponyapandr,1
kisgayagayaai,1
trcpinnd,1
every,1
gym,1
telling,2
another,3
barz,1
brick,1
sledgehammer,1
awkward,2
disgusting,1
insane,1
mental,1
tiayoufag,1
weird,1
max,1
benn,1
guianashield,1
homophobia,1
stand,1
trainees,1
trevor,1
gw,1
bang,1
jambunya,1
licafauziah,1
marmut,1
nonton,1
radityadika,1
hearing,1
shops,1
shut,1
writers,1
automatically,1
fuck,1
heart,1
nicarrag,1
said,1
titty,1
playin,1
roll,2
wae,1
invited,1
kayfhendo,1
matts,1
reason,1
red,1
aeon,1
bayar,1
dulu,1
kena,1
norranysa,1
skarang,1
toilet,1
makes,1
port,1
saw,1
visit,1
adeth,1
ala,1
akn,1
berjuang,1
kesuksesaank,1
memberikan,1
mengunjukan,1
msh,1
org,2
saat,1
tuaku,1
umur,1
cool,1
making,2
raaaab,1
scaring,1
stories,1
basically,1
psychopath,1
gilinskysgrind,1
luciddallas,1
stomach,1
stutter,1
chorar,1
fez,2
final,1
ir,1
sorrir,1
ha,2
ngakak,1
ngakaknya,1
sengakak,1
ago,1
minutes,1
obligation,1
ten,1
iye,1
mania,1
sports,1
ajak,1
arumluxielmi,1
form,1
isi,2
kakak,1
teman,1
trus,1
eating,1
monster,1
pasta,1
medication,1
oxenfreed,1
put,3
think,7
bashing,1
gone,2
only,2
tried,1
turned,1
twice,1
constant,1
feeling,1
yamazakisigeru,1
shet,1
talaga,1
bisa,2
baka,1
iingat,1
ikw,1
kidnapin,1
kta,1
mag,1
nako,2
rtru,1
stuff,1
minyarr,1
bullshitting,1
tell,3
peter,1
petermac,1
skinny,1
sanggup,1
begitu,1
ciptaan,1
iskandar,1
jess,1
makhluk,1
poki,1
yaaa,1
awn,1
ela,1
hahahaha,2
karl,1
liiima,1
lima,1
priv,1
roz,1
hand,1
right,1
shaken,1
anymore,4
cherryfunkaroo,1
emotional,1
movsi,1
shawties,1
few,1
gives,1
treats,1
americs,1
cri,1
hahahah,1
pilipinas,1
siya,2
excuses,1
reasons,1
sit,1
hqz,1
boiling,1
moonontheheaven,1
ansakit,1
bio,1
natin,1
toh,1
ulo,1
kumilos,1
santolan,1
arrested,2
arson,1
families,2
fires,1
flee,1
man,2
eonnie,1
gomawoooo,1
haiii,1
jinmeyxin,1
meymeyyy,1
dgl,1
sayang,1
danieldjnorris,1
postcard,1
send,1
little,2
female,1
genital,1
guardian,1
mutilation,1
petition,1
signed,1
fine,2
pchyrose,1
scared,1
hbs,1
ide,1
sm,2
zokyungsoo,1
hr,1
xoxo,2
lessons,1
science,1
jam,1
isci,1
olumleri,1
sinemakadraj,1
blonde,1
brunette,1
mayarr,1
nourhassoun,1
sandrayahya,1
annoying,2
bae,1
saying,1
ziunism,1
asal,1
baik,1
emang,1
merasa,1
ngejudge,1
sob,1
migrate,1
break,2
adam,1
cevap,1
dilli,1
eksik,1
milyon,1
ne,1
bernama,1
kecil,1
memelihara,1
monyet,1
tinggal,2
alrdy,1
dd,1
egos,1
burden,1
sleepy,1
hrg,1
mulai,1
krisinsanity,1
demi,1
somebody,1
anal,1
loves,1
amwriting,1
courteously,1
door,1
holding,1
stab,1
wiplines,1
beer,1
garden,1
louisegittinsss,1
celebrate,1
overdose,1
thwin,1
together,2
kalau,2
lagi,6
layan,2
soreeeee,1
amj,1
annoys,1
presence,1
whose,1
biasin,1
debuts,1
djkingassassin,1
liferdef,1
arissa,1
bsuk,1
bercanda,1
emmm,1
jir,1
kudu,1
lugina,3
manusia,2
rayi,4
tet,1
tetifebriantii,2
naka,1
wla,1
karma,1
he,3
librarianmusic,1
monolithiummm,1
tagging,1
tribute,1
bring,1
pissed,1
sj,1
betul,1
bilik,1
liplapliplap,1
malas,1
respect,1
revision,1
yo,1
ma,1
un,1
mas,1
attack,1
plant,1
rebels,1
reuters,1
abraj,1
anawizz,1
comme,1
continuer,1
faut,1
parce,1
pas,1
peux,1
trouves,1
screaming,1
shatter,1
shiz,1
tween,1
cupfinale,1
finale,1
hockey,1
tysk,1
vine,2
already,1
converter,1
fall,1
myth,1
saviour,1
souls,1
title,1
akak,1
dera,1
dik,1
larat,1
mengantuk,1
asik,1
buruk,1
main,2
mampuss,1
pegi,1
sebab,1
selfies,1
suruh,1
tension,1
jga,1
kjihan,1
beli,1
version,1
works,1
aguentar,1
entender,1
palominhaw,1
scarletthutton,1
barzan,1
animals,1
cute,1
doggie,1
dogs,1
pets,1
puppy,1
sayz,1
steelergirltp,1
toldz,1
heartache,1
banyaknya,1
benar,1
bertengkar,1
cinta,3
duka,1
jatuh,1
semakin,1
terlahir,1
diapelin,1
jembercoret,1
minggu,1
uda,1
po,1
mataku,2
mengingat,1
wait,3
bakal,1
cari,1
jagung,1
jagungnya,1
kotkoth,1
kurniadsw,1
kurr,1
makan,1
nebar,1
nyotot,1
yukk,1
anything,1
atyampela,1
berapa,1
lama,1
menghitung,2
ngejomblo,1
salahnya,1
sik,1
usia,1
fuckface,1
afqsyf,1
fikir,1
midterm,1
pasal,1
result,1
choisuyo,1
diet,1
dinner,1
ikut,1
waiting,1
retains,1
seat,1
nup,1
stelena,1
wallflowerniall,1
wayyyy,1
stay,1
strength,1
mielinho,1
ogarnij,1
tipheret,1
twitterze,1
uczy,1
danieljgillies,1
death,1
hallucinating,1
julieplec,1
woman,2
tapluke,1
anti,1
coverage,1
eluding,1
interstate,1
timmacs,1
penis,1
aja,2
penting,1
sukses,1
alay,2
bha,1
jha,1
kag,1
mdag,1
muttomutti,1
rismayanaaris,1
slah,1
wee,1
amd,1
amed,1
amanhecer,1
bella,1
continua,1
falando,1
lindo,1
lua,1
meu,1
mundo,1
name,1
nesse,1
preferido,1
sacada,1
sendo,1
sol,1
todo,1
visto,1
hot,1
talking,1
banksy,1
efkanbolac,1
geldi,1
geri,1
salonunda,1
spor,1
cantik,1
cuma,1
dapet,1
ganteng,1
kebanggaan,2
mata,1
membahagiakan,1
pacar,1
setia,1
tulus,1
frustrates,1
miwa,1
lapo,1
mari,1
wih,1
seri,1
fyxsuga,1
kawan,1
polbek,1
mamaya,1
matatanggal,1
cannot,1
strong,1
water,1
sekitar,1
faced,1
lived,1
normalisation,1
racial,1
sunnysingh,1
violence,1
bombingsparaded,1
culprits,1
doyinokupe,1
evidence,1
frm,1
gathering,1
intelligence,1
nyanya,1
suspect,1
ystdy,1
apart,1
set,1
fvoey,1
nawafbinturki,1
childreads,1
baby,1
buen,1
espalda,1
felicidades,1
kzyxakhd,1
maria,1
medida,1
muchas,1
pases,1
por,1
posible,1
exospy,1
issue,1
gagean,1
kentongan,1
lur,1
mbokan,1
maneee,1
alarm,1
hating,1
use,1
wake,1
exam,1
failed,2
teach,1
ade,1
firdaalestari,1
kelas,1
pacaran,1
irritated,1
itchy,1
nah,1
tattoo,1
hisap,1
layang,1
melayang,1
memerah,1
pikiranku,1
akang,1
drummer,1
sma,1
bblhin,1
abuses,2
allegations,2
delayed,2
detail,2
retaliation,2
suffer,2
whistleblowers,2
motivation,1
iansomerhalder,1
barrio,1
dudes,1
grew,2
group,1
spoke,1
told,1
imparare,1
children,1
course,1
old,2
wedlock,1
calling,1
cruel,1
food,1
foxes,1
natural,1
bangun,2
butt,1
touch,1
akhlak,1
alfiera,1
hensem,1
janji,1
mulia,1
nampak,1
takpe,1
mxx,1
cd,1
cuman,1
disingle,1
doang,1
gratis,1
juta,1
kompak,1
namanya,1
ngabisin,1
wota,1
lmao,1
nut,1
anong,1
anu,1
galit,1
gawa,2
kwento,1
punyetang,1
sabihin,1
behaves,1
feels,1
nt,1
goddammit,1
triplej,1
unfollower,1
ngeseks,1
puas,1
sampe,1
gdkpakkadd,1
okezone,1
defeated,1
eventually,1
frustrated,1
koye,1
obrager,1
bismakarisma,1
ibu,1
khilaf,1
ptrlds,1
seorang,1
alien,1
comeback,1
rumour,1
ngingetin,1
terlambat,1
tersakiti,1
torturing,1
assim,1
azul,1
eu,1
fundo,1
gajo,1
os,1
sou,1
todos,1
fool,1
kehujanan,1
awh,1
older,1
parkcy,1
bayangkan,1
mesti,1
parents,1
poto,1
study,1
friescraic,1
hemmosturbates,1
madcapniall,1
jejemon,1
sya,1
fysehunpls,1
laughter,1
smiles,1
togetherness,1
nda,1
boypower,1
sass,1
zhangdou,1
ki,1
tim,1
pi,1
es,1
alt,1
ver,1
rela,1
