boys,1
i,11
akan,1
aku,2
boleh,2
dia,6
lain,1
di,8
e,2
l,5
co,217
http,218
q,4
t,231
do,7
how,7
mine,3
s,16
turns,1
via,6
you,61
pray,1
read,1
talk,5
want,9
got,1
se,1
we,6
wedding,2
fucking,1
lol,2
n,4
u,7
just,7
like,11
amazing,6
feet,1
from,12
high,3
lightnight,1
top,1
view,1
around,1
day,10
going,4
great,6
hearts,1
out,15
sing,2
those,3
today,12
wear,1
world,6
your,15
ako,5
kung,1
lang,4
mga,2
mo,2
na,4
nasa,1
con,3
followers,5
gained,2
go,3
real,2
site,1
hahaha,1
beach,1
video,4
alansbathrooms,1
design,1
ee,1
free,1
planner,1
cleanse,1
firm,1
lose,1
me,19
month,1
personalized,1
program,1
start,2
tighten,1
korea,1
has,8
off,4
where,2
b,2
iamhayalesbian,1
loving,1
swo,1
yougomego,1
celebration,1
https,4
lari,1
hell,1
see,7
awesome,2
edit,1
now,3
agreed,1
antitikitaka,1
clubs,1
have,10
media,1
personal,1
reach,1
terms,1
yet,1
buat,1
cover,1
suka,1
yang,9
yuk,1
comes,2
everyone,5
did,2
mention,2
why,3
cess,1
ang,1
kuya,1
ng,9
ni,3
sa,2
matter,1
support,3
what,3
problem,1
atau,2
cara,1
d,8
nya,1
miss,1
sos,15
ll,6
m,14
r,4
x,10
fight,1
fighting,1
barcelona,1
my,17
brooks,3
luke,3
nothing,1
facebook,1
new,5
photo,3
posted,3
batho,1
get,3
k,3
ke,1
need,1
nyele,1
reg,2
detikcom,1
z,3
am,4
could,1
don,4
next,6
someone,1
time,6
tweet,1
fakiebarb,1
followback,2
tapi,2
o,4
follow,10
thank,2
ini,1
y,5
xx,2
girl,3
story,1
packages,1
hati,3
tak,2
laughing,1
life,3
rest,1
spend,2
back,6
gain,1
iphone,3
love,17
rts,4
sougofollow,2
who,7
android,3
androidgames,4
coins,2
collected,2
gameinsight,4
gold,2
ve,6
hull,1
win,1
more,10
things,3
way,3
gunna,1
guys,3
lot,4
notifications,1
re,2
turn,3
tweeting,1
twitter,3
brilliant,2
doodle,1
selection,2
year,6
came,1
perfect,1
big,3
had,4
head,2
when,3
younger,1
amp,18
else,1
retweet,1
again,3
all,4
mistake,1
music,1
stars,1
trailer,1
watch,2
meow,1
others,2
v,6
w,4
woof,1
dan,3
followed,2
one,2
person,2
stats,2
unfollowers,2
kind,2
well,2
apa,2
sama,4
betterthanlancashire,1
summer,1
yorkshire,1
kau,2
knapa,1
footeini,1
minouli,1
hero,1
feel,3
sorry,1
ya,5
fireworks,1
may,3
thanks,3
full,1
keep,1
up,3
would,8
f,6
before,1
hope,1
last,5
run,1
weather,2
eops,1
tea,1
babies,2
freshmen,1
gonna,2
grades,1
school,1
fofo,2
yl,2
come,5
event,1
meet,4
pm,2
team,1
her,3
ice,3
act,1
people,4
work,2
adalah,1
anyone,1
best,3
colleagues,1
friends,1
richardbranson,1
than,2
workers,1
weekend,1
away,1
days,2
bbcweather,1
between,1
bit,1
cloud,1
cloudy,1
fair,2
far,3
good,8
looking,1
da,2
j,3
ko,11
jinx,1
keitthpunter,1
reverse,1
mukhang,1
siopao,1
eh,3
keterangan,2
lanjut,2
lebih,2
gy,1
la,3
haha,3
bagladee,1
intriguing,1
opportunity,1
presents,1
brother,1
can,10
him,2
too,6
destroy,1
foreign,1
policy,1
tcot,1
vows,1
workin,1
because,2
en,1
er,2
jeg,1
hm,1
ih,1
shop,1
wonderful,1
gelak,1
harini,1
kurang,1
appreciate,2
footy,1
help,1
really,9
us,4
bc,1
friendships,2
made,3
saved,1
smile,2
special,2
them,3
zaynmalikac,1
dengan,2
diri,2
faisal,1
fsl,1
ialah,1
ikhlas,1
kita,7
membandingkan,1
mereka,1
oran,1
seadanya,1
tanpa,1
terima,1
dr,1
hidup,1
kluar,1
lps,1
smkakk,1
sunyi,1
tah,1
truss,1
alam,2
hndi,1
lhat,1
nakakaiyak,1
pero,1
h,1
ka,4
animal,1
always,3
committed,1
look,2
lover,1
loyal,3
once,1
very,1
sexy,1
does,4
mean,6
gz,1
knockknock,1
nm,1
blog,1
gomma,1
matita,1
modifica,1
si,3
stampa,1
find,4
since,1
aint,1
bro,1
dream,2
dreamt,1
gotta,1
papi,1
victory,2
winning,1
puppie,1
samariasimmonsx,1
slush,1
nice,1
play,5
okay,1
skittlesandcake,1
apologises,1
comments,1
jozitweet,1
pay,1
wow,2
fire,2
kapan,1
gets,1
article,2
atwine,1
enamara,1
gittabrian,1
moris,1
dah,4
lu,1
serah,1
greateranglia,1
gusts,1
mph,3
night,5
iamitzel,1
brooooooo,1
hallllll,1
kkkkk,1
nshylaa,1
takdaaaa,1
consultant,1
enrollment,1
happy,2
welcome,1
diannagronrp,1
fllwed,1
pretty,1
im,1
banten,1
diserang,1
elva,1
hello,3
htm,1
hub,1
join,2
minat,1
pinbb,1
rb,3
vip,1
vvip,1
c,4
cemburu,1
cuek,3
diperhatiin,1
karena,3
mana,3
nggak,1
pengen,1
mudah,1
p,6
yeolstagram,2
chacha,1
gilos,1
jgn,2
malu,1
omg,2
sbb,1
typo,1
should,3
sign,1
wrath,1
first,1
noticed,1
selena,1
everything,2
iya,1
channel,1
shairashanesema,1
bahay,2
itsura,1
kang,1
kapag,1
pake,1
wala,4
yung,2
pictures,1
bila,1
rm,1
single,1
about,5
been,3
missi,1
thinking,1
ever,4
itu,1
satu,1
sport,1
even,1
ilysm,2
literally,2
better,3
download,1
gathered,2
iphonegames,1
mvvs,1
book,2
breaks,1
calls,1
silence,1
ava,1
nak,3
blessed,1
moment,1
much,9
satisfying,1
shows,1
emkmorris,1
holiday,1
lovely,2
inks,1
printers,1
vouchercode,1
let,1
so,16
beetles,1
cutest,1
arsenal,1
years,1
jg,1
update,1
car,2
glx,1
glxyqian,2
ilyt,1
kyesung,2
mama,1
wkwk,3
impossible,1
maddijanemusic,1
singer,1
sintarizqiani,1
lt,8
theem,1
banget,1
cek,1
dari,2
gak,1
al,2
ikaw,1
kay,1
lumalapit,1
mahiya,1
naman,4
pa,2
please,4
become,1
epitome,1
faltered,1
inspiration,1
never,1
open,1
ao,1
boyfriend,3
happens,1
banyak,1
neighbors,1
same,2
tonight,2
embrace,1
mabasa,1
tao,1
utak,1
coeur,1
hiver,1
looks,3
lunchtime,1
poor,1
several,1
spent,1
uncannily,1
dong,1
mau,3
end,2
semester,1
former,1
received,2
students,1
sweetest,1
sesuatu,1
naddiya,1
fcwb,1
here,7
info,1
product,1
finally,1
ready,1
kept,1
officially,1
part,2
replayed,1
started,1
wish,3
his,3
highwayyyy,1
ohh,1
parang,1
bye,2
bertahan,2
cewek,1
dikecewain,1
drpd,1
harus,1
juga,2
pergi,1
punya,1
sayangnya,1
terus,1
game,4
know,3
line,1
wanna,1
fav,1
reggae,1
sweet,1
fxckesmee,1
make,2
other,2
till,1
drunk,1
she,5
ensemble,1
eye,1
men,3
ultimate,1
yyyiwa,1
gt,1
iaa,1
cat,1
over,2
kerjaannya,1
nila,1
nilasari,1
pasti,1
tiramarssy,1
ty,2
melt,1
formulas,1
manage,1
products,2
dannyhuffam,1
morning,3
rosamundd,1
tylerwatt,1
chapter,2
starts,2
beautiful,4
confessions,1
east,1
jb,1
priest,1
fun,2
having,2
playing,2
diretweet,1
jfb,2
openfollow,2
parody,1
rp,1
soojonk,1
western,1
yaaaa,2
planet,1
triple,1
down,1
earth,1
likes,2
give,1
hehe,2
kalo,1
lah,1
lg,1
guy,1
mkkhxclariner,1
jhonamju,1
lalala,1
makasih,1
namju,1
yeyeye,1
lumabas,1
nalang,1
sana,2
taga,1
still,1
some,1
untuk,1
berubahlah,1
kerana,1
ngayon,1
pera,1
tayong,1
afternoon,1
awards,1
billboard,1
show,2
our,5
stratfordtune,1
eyfalaaa,1
cr,1
wrong,1
writehandedgirl,1
xxx,2
available,1
cream,3
mugs,1
reserve,1
hey,2
dani,1
ple,1
puts,1
sanchiababes,1
selfie,1
kilometer,1
nyanyi,1
pengin,1
oh,1
gc,1
tut,1
atuh,1
heyirwan,1
lulus,1
bb,1
kim,1
dark,1
ywb,1
bgt,2
br,1
cocok,1
jodoh,1
klian,1
klo,1
kmna,1
kok,1
udh,1
tgk,1
bunga,1
lail,1
lailyo,1
mawarnya,1
buka,2
loh,1
masih,2
direct,1
akin,1
diary,1
hinihiling,1
mahalin,1
niya,2
pabalik,1
panget,1
paniwalaan,1
sinasabi,1
ground,1
live,1
evening,1
yull,1
hyung,1
swag,1
funny,1
joke,1
naturally,1
cake,1
nikon,1
yeah,1
sex,2
getting,1
happen,2
allsport,1
scream,1
nike,1
size,3
dinosaur,2
discovered,2
events,1
exhibitions,1
workshops,1
believe,1
godzilla,1
place,1
ayakhaled,1
coffee,1
akong,2
boyish,1
daw,1
ito,1
jk,1
kasi,1
kaya,1
magagawa,1
nawalan,1
pinsan,1
siguro,1
both,1
favourite,1
two,1
icecream,1
dhe,1
makineri,1
votash,1
minha,1
elilili,1
ikianz,1
likeit,1
sgesge,1
bad,1
ber,1
jauh,2
jela,1
kesian,1
naimifaris,1
pun,1
cvtips,1
jobs,1
letter,1
write,1
awalludin,1
azizi,1
otw,1
ucu,1
face,1
seeing,1
through,2
tv,1
watched,1
boxing,1
abdu,1
ad,1
arnaout,1
barakat,1
farouk,1
joking,1
lab,1
mua,1
salem,1
australia,2
leads,1
record,1
dshaw,1
movie,3
series,1
videos,1
dna,1
highlighting,1
nationalist,1
nbikash,1
organisation,1
spirit,1
true,2
written,1
thought,1
ia,1
th,6
band,1
parade,2
samba,1
xy,1
annwats,1
grinners,1
white,1
linkedin,1
page,1
most,1
wtf,1
weird,1
liked,2
adoressrauhl,1
gorgeous,1
lord,1
savior,1
second,1
sir,1
automatically,1
burn,1
cousin,1
cup,1
fuck,1
heart,3
nicarrag,1
said,1
titty,1
wears,1
allegorein,1
forgot,1
selu,1
situation,1
akad,3
topicwave,3
makes,2
saw,1
adeth,1
ala,1
lezzdodizz,1
cool,1
making,2
idk,1
instrument,1
musical,1
each,2
loved,1
sake,1
stronger,1
final,1
azar,1
lulugar,1
saan,1
ha,1
amalan,1
bermegah,1
cukuplah,1
kepada,1
megah,1
melakukan,1
mengetahuinya,1
usahlah,1
ago,1
minutes,1
rgl,1
shai,1
yari,1
ja,1
think,2
county,1
lucky,1
bone,1
creighton,1
deltaandthebannermen,1
dog,1
phil,1
average,1
congestion,1
speed,1
only,1
turned,1
long,2
gidip,1
gitsinler,1
konsere,1
masterofnosense,1
olup,1
siktir,1
varsa,1
loveyou,1
sederhana,1
syu,1
talaga,1
badan,1
bisa,2
buruan,1
costum,1
kemeja,1
km,1
pesan,1
sendiri,1
sesuai,1
slimfit,1
cite,1
consciousness,1
frequently,1
interest,1
listening,1
rustyrockets,1
stuff,1
active,1
alone,1
glory,1
maturity,1
passion,1
purity,1
deep,1
deepammu,1
hi,1
humaima,1
buy,2
dreamxhemmings,1
pizzas,1
auliasugiyono,1
donuts,1
eat,1
pinku,1
ipl,1
pepsi,1
punjab,1
buffonyap,1
clearly,1
hear,1
indication,1
quiet,1
elect,1
delight,1
desperate,1
ew,1
exostan,1
krystflame,1
lul,1
pathetic,1
sica,1
hahahaha,2
icj,1
afezandbowties,1
madonpotter,1
openly,1
tend,1
which,2
xtreacherous,1
couldn,1
realized,1
tbellmichele,1
walked,1
nights,1
soon,3
type,1
adrianakhirme,1
goodluck,1
fans,1
waving,1
orgasniall,1
adoralynpingol,1
nga,1
ngyn,1
yan,1
question,1
hq,1
scotbaston,1
gogetart,1
itsautotweet,1
xj,1
different,1
man,1
nita,1
apaan,1
dn,1
ganti,1
unn,1
berpacaran,1
kenyamanan,1
salah,3
sebuah,1
tujuan,1
ban,1
bicara,1
bodoh,1
ngebatin,1
ngelawan,1
ngomong,1
ninggalin,1
radityadiikan,1
sayang,2
birthday,2
brownie,1
chocolate,1
die,1
flat,1
little,2
spot,1
sunny,1
watching,1
fine,1
happylatebdaymytwitterself,1
late,1
omfg,1
belah,1
gitu,1
hatinya,1
serem,1
dessert,1
kaysa,1
nauna,1
pagkain,1
izayinegirl,1
uglyshire,1
zaynisadorable,1
brapa,1
ehhh,1
jam,1
asdfgenizel,1
idea,1
kong,1
nun,1
sinasadya,1
yun,1
bookin,1
fee,1
incl,1
saying,1
crocodile,1
jalanjalan,1
sarawak,1
asatagaa,1
masuk,1
marinahibrahim,1
sebak,1
li,1
aoao,1
guess,1
haaaaa,1
tjo,1
lost,1
wwwsoso,1
av,4
demirer,1
baju,1
saraedrinaa,1
avrianma,1
bos,1
datee,1
item,1
waroengsteak,1
demi,1
lovatos,1
picture,1
somebody,1
voice,1
comedyandtruth,1
tru,1
youre,1
door,1
beer,1
garden,1
happiness,1
italia,1
nostalgia,1
plus,1
strawberry,1
home,1
kidrauhlsblxnt,1
take,1
chinesemanrec,1
shining,1
sun,2
quite,1
roads,1
healthier,1
weight,1
balai,1
kat,2
minda,1
teringat,1
weh,1
action,2
bhlabour,1
distributing,1
hopenothate,1
newspapers,1
saving,1
taking,1
asking,1
beatstreetmcr,1
charities,1
donation,1
wins,1
liferdef,1
cottonliams,2
lukey,2
begin,1
marathon,1
ploywisaruta,1
became,1
sang,1
staff,1
went,1
field,1
library,1
ordered,1
pizza,1
alright,1
mariecoyleey,1
weathers,1
ayu,1
ihhh,1
vicka,1
yaaang,1
flawless,1
goes,1
he,3
perfectly,1
bring,1
girls,1
glitter,1
truth,1
premrugby,1
semi,1
juid,1
mci,1
mg,1
ml,1
bbmnya,1
cckckck,1
dibikin,1
novel,1
updates,1
hahha,1
giving,2
jhoariana,1
jhoclosed,1
laaf,1
wl,1
election,1
yo,2
dotfivesticks,1
drawing,1
movemay,1
thedailysketch,1
van,1
haah,1
ma,2
mir,2
osht,1
qishtu,1
ti,1
um,1
un,2
fandom,1
ajeu,1
couple,1
gpp,1
kawin,1
kawinin,1
kweenyoon,1
mas,1
pemirsaaah,1
seret,1
siapkan,1
terdekat,1
done,2
above,1
blessing,1
thankful,1
orever,1
ou,1
zaynmalik,1
author,1
croquet,1
ht,1
lots,1
sunshine,1
chilled,1
deserved,1
onedirection,1
coke,1
greet,1
letters,4
alltid,1
denbitresannhet,1
hvordan,1
med,1
skal,1
stresser,1
fam,1
releases,1
tape,1
dogs,1
dailyteenwords,1
lights,1
youe,1
ahooo,1
gangstarap,1
chelseafc,1
regular,1
remains,1
visitor,1
birth,1
caitlynbennett,1
summers,1
jacked,1
region,1
alcoholics,1
soccer,1
watchin,1
bey,4
djk,1
djka,2
hiphop,1
rap,1
holder,1
hottt,1
iklanterbaru,1
pocketbac,1
hahahahhahaha,1
okok,1
cp,1
halaa,1
marecieve,1
nicardrgz,1
restart,1
wait,1
twerkcin,1
edaily,1
interview,1
soheeupdates,1
modadechicas,1
anything,1
enthusiasm,1
hopes,1
rise,1
yeast,1
heat,13
broom,1
congress,1
stuagarwal,1
sweeping,1
freedownload,1
based,1
iron,1
judge,1
throne,1
cheap,1
hdmoviefun,1
online,1
jah,1
guild,1
ikut,1
sekarang,1
multiplayerquot,1
quota,1
upcoming,1
vanisan,1
huda,1
cityal,1
link,1
annual,1
bead,1
prices,1
babyyy,1
fracasiwi,1
julie,1
liragustyari,1
nii,1
ninivsnana,2
nomer,1
putri,1
tsel,1
whatsapp,2
omda,1
arranged,1
ending,2
plan,1
jonginsweg,1
magenta,1
rabbit,1
handsome,1
kendallscxnt,1
cuddles,1
mum,1
name,1
asks,1
hot,1
ente,1
lrl,1
zq,1
talking,1
bawel,2
ngerasa,1
pendiem,1
buyer,1
clearer,1
interested,1
items,2
onhand,1
upload,1
yours,1
bff,1
cq,1
wif,1
tunaisgroovy,1
percent,1
pennyplanters,1
lb,1
thankyou,1
haslinaaaaaa,1
nlookin,1
advertising,1
intact,1
locality,1
otherwise,1
power,1
besar,1
betapa,2
kira,1
memaafkan,1
tetap,1
sprite,1
vodka,1
afraid,1
lines,1
sleep,1
financialnews,1
stocks,1
duvinetroses,1
mon,1
goal,1
saintsfc,1
acorda,1
adoro,1
ahahah,1
porque,1
quando,1
tonite,1
katchatters,1
adrolos,1
eyyy,1
hehehehe,1
jemput,1
kahwin,1
khhwin,1
lupa,1
ooi,1
rifqi,1
old,1
mz,1
cotton,1
efow,1
graphic,1
shirt,1
short,1
sleeve,1
trueambes,1
abomohamed,1
gnys,1
seen,1
sold,1
blinds,1
timee,1
bangun,1
kak,1
ngapain,1
tidur,1
benak,1
hanya,1
para,1
pecundang,1
terlintas,1
nmk,1
nutti,1
daddy,1
mrgsjkay,1
guide,1
historian,1
stirling,1
tour,1
town,1
yycbymuqm,1
chess,1
entry,1
habis,1
kebahagiaan,1
kesedihan,1
kesetiaan,1
lwt,1
mendalam,1
meneguk,1
menyisakan,1
perjalanan,1
sembunyikan,1
tawa,1
tegar,1
dyllafadzil,1
filem,1
panggung,1
sejak,1
bigger,1
duty,1
ensure,1
indiapostlive,1
law,1
order,1
role,1
states,1
announced,1
bmstores,1
competition,1
giveaway,2
worth,1
campaign,1
gradowrestling,1
starting,1
verified,2
teygg,1
myklarolinesoul,1
history,1
nadirsamaai,1
finish,1
hopefully,1
decorating,1
hottest,1
house,1
kisstory,1
smiling,1
spending,1
tunes,1
whilst,1
aelst,1
exojippy,1
jkriestallee,1
tal,1
urwell,1
fulfil,1
given,1
responsibility,1
ur,1
uk,1
nh,1
kans,1
heck,1
