like,22
have,20
don,19
do,17
o,17
di,16
can,16
yang,14
ya,14
aku,13
your,13
na,13
yg,13
e,12
u,12
g,12
ini,12
dan,12
just,11
tak,11
when,11
p,11
l,10
we,10
from,10
d,10
get,10
need,10
so,10
x,9
ada,9
re,9
all,9
up,9
know,9
que,9
via,8
n,8
what,8
miss,8
one,8
people,8
da,8
ka,8
about,8
she,8
today,7
mo,7
why,7
ke,7
someone,7
y,7
because,7
nak,7
untuk,7
think,7
hate,6
how,6
out,6
ni,6
sa,6
nya,6
r,6
k,6
am,6
who,6
amp,6
apa,6
feel,6
lebih,6
la,6
itu,6
lt,6
mau,6
ga,6
de,6
lagi,6
want,5
shit,5
je,5
b,5
https,5
z,5
could,5
time,5
her,5
us,5
find,5
okay,5
its,5
been,5
dari,5
pa,5
banyak,5
kamu,5
gt,5
nih,5
anymore,5
aja,5
akan,4
fucking,4
lol,4
ako,4
lang,4
hahaha,4
off,4
now,4
buat,4
ng,4
ll,4
cause,4
tapi,4
follow,4
pada,4
hati,4
back,4
ve,4
more,4
v,4
tentang,4
kau,4
before,4
fofo,4
yl,4
work,4
being,4
away,4
ko,4
haha,4
him,4
too,4
thing,4
kita,4
h,4
very,4
jo,4
kris,4
since,4
lu,4
should,4
stop,4
were,4
never,4
actually,4
gue,4
pernah,4
over,4
lo,4
kalo,4
bad,4
jadi,4
av,4
kalau,4
rayi,4
he,4
cinta,4
q,3
got,3
something,3
go,3
text,3
baru,3
song,3
yuk,3
ang,3
against,3
nothing,3
cc,3
non,3
next,3
life,3
love,3
isn,3
way,3
utk,3
again,3
w,3
sahabat,3
phone,3
sorry,3
would,3
f,3
hope,3
tweets,3
than,3
ah,3
days,3
j,3
za,3
dead,3
hurt,3
dat,3
en,3
help,3
does,3
fuckin,3
tuna,3
play,3
ye,3
mana,3
doesnt,3
even,3
better,3
iz,3
much,3
won,3
years,3
air,3
mandi,3
tu,3
gak,3
al,3
after,3
though,3
jangan,3
here,3
his,3
juga,3
orang,3
cant,3
understand,3
ain,3
cr,3
without,3
sampai,3
oh,3
udah,3
another,3
awkward,3
makes,3
making,3
stomach,3
put,3
gone,3
only,3
bisa,3
tell,3
man,3
little,3
annoying,3
lugina,3
wait,3
bakal,3
anything,3
alay,3
kawan,3
por,3
children,3
bangun,3
ki,3
santai,3
pi,3
mom,3
boys,2
boleh,2
dia,2
lain,2
mencintai,2
rt,2
ci,2
donne,2
solo,2
se,2
trying,2
top,2
around,2
day,2
going,2
sing,2
world,2
kami,2
kung,2
nagpipizza,2
nasa,2
followers,2
bukan,2
coming,2
free,2
has,2
where,2
see,2
clubs,2
feat,2
rame,2
everyone,2
until,2
did,2
mention,2
boom,2
evictee,2
support,2
problem,2
atau,2
sos,2
probably,2
luke,2
nnegypt,2
under,2
wanted,2
new,2
ary,2
detikcom,2
hafidz,2
ask,2
tweet,2
care,2
legend,2
namun,2
htt,2
enough,2
things,2
guys,2
head,2
pin,2
others,2
sakin,2
sama,2
took,2
handle,2
own,2
try,2
thanks,2
any,2
fired,2
keep,2
women,2
last,2
weather,2
gonna,2
come,2
bag,2
negative,2
adalah,2
menjadi,2
seseorang,2
best,2
friends,2
weekend,2
season,2
good,2
keterangan,2
lanjut,2
comel,2
store,2
blame,2
brother,2
myself,2
times,2
er,2
ser,2
kenapa,2
smile,2
them,2
mereka,2
always,2
lng,2
mean,2
bagi,2
waktu,2
fire,2
happy,2
im,2
rb,2
c,2
tidak,2
kompascom,2
mu,2
everything,2
iya,2
yung,2
staring,2
ever,2
satu,2
dont,2
poplave,2
let,2
months,2
trophy,2
hemat,2
keeps,2
soal,2
open,2
boyfriend,2
malem,2
end,2
sesuatu,2
wish,2
foto,2
saja,2
bye,2
game,2
wanna,2
found,2
issues,2
acc,2
ig,2
drunk,2
jump,2
killer,2
fun,2
playing,2
damn,2
give,2
might,2
som,2
ku,2
lah,2
guy,2
jealous,2
ich,2
relationship,2
some,2
nonimainda,2
follback,2
bored,2
ikan,2
nk,2
pergh,2
merah,2
pkspiyungan,2
fit,2
lead,2
yeah,2
didn,2
bebe,2
kaya,2
pun,2
through,2
ia,2
telling,2
gw,2
bang,2
fuck,2
roll,2
org,2
saat,2
fez,2
ha,2
isi,2
feeling,2
baka,2
nako,2
stuff,2
hahahaha,2
siya,2
fans,2
bio,2
arrested,2
families,2
guardian,2
fine,2
sm,2
xoxo,2
break,2
kecil,2
monyet,2
tinggal,2
sleepy,2
together,2
layan,2
take,2
manusia,2
tetifebriantii,2
un,2
vine,2
main,2
bertengkar,2
mataku,2
menghitung,2
stay,2
woman,2
dapet,2
kebanggaan,2
failed,2
abuses,2
allegations,2
delayed,2
detail,2
retaliation,2
suffer,2
whistleblowers,2
dudes,2
grew,2
old,2
cuman,2
doang,2
gratis,2
gawa,2
lagu,2
okezone,2
ngingetin,2
birini,2
jan,2
sih,2
many,2
tim,2
nahi,2
jomblo,2
tandas,2
fraud,2
burgers,2
obese,2
salads,2
tuh,2
min,2
misterkeydi,2
bersama,2
tipu,2
latihan,2
imikowa,2
mad,2
rindu,2
pulsa,2
susah,2
pussy,2
kumbadjid,2
ayah,1
jika,1
lelaki,1
memilih,1
selain,1
tentu,1
assenza,1
caratteristiche,1
che,1
delle,1
dispongono,1
esag,1
famose,1
politiche,1
pudore,1
sono,1
tre,1
disaster,1
forbes,1
mine,1
spell,1
god,1
pray,1
read,1
flirt,1
theillieststorm,1
tuuuang,1
flowzflowz,1
ladyboy,1
room,1
shemale,1
tranny,1
blurting,1
hide,1
involuntary,1
high,1
great,1
wear,1
kahit,1
kayo,1
kirstenvelasco,1
laguna,1
mga,1
slice,1
ai,1
appartenenti,1
con,1
concorrenza,1
coraggiose,1
fratelli,1
milioni,1
musulmani,1
gained,1
real,1
cam,1
dok,1
ekpm,1
haishh,1
laa,1
nyanyok,1
ba,1
lose,1
closed,1
died,1
meetin,1
miners,1
mollycrabapple,1
nilai,1
pic,1
babe,1
hell,1
awesome,1
breaking,1
media,1
yet,1
agnezmo,1
cover,1
dengerin,1
hardcore,1
historycucumber,1
musik,1
suka,1
angles,1
becomes,1
bodies,1
comes,1
louisvirtel,1
mess,1
smirks,1
sweat,1
cess,1
hahahahaha,1
malandi,1
panith,1
batas,1
boto,1
gumawa,1
kuya,1
matinding,1
mula,1
paglabag,1
matter,1
alahaii,1
henset,1
pulak,1
berkembang,1
cara,1
mandet,1
pikir,1
sigh,1
twitcams,1
lulualhubail,1
fighting,1
yukiuver,1
ass,1
barcelona,1
somehow,1
supporting,1
uefalona,1
brooks,1
carpet,1
government,1
happened,1
kidnappings,1
response,1
sweep,1
veryxlovexyou,1
facebook,1
hn,1
januar,1
koalisi,1
saya,1
entrare,1
ora,1
posso,1
duhhhjada,1
control,1
gx,1
instead,1
letting,1
wrongs,1
quote,1
abang,1
dipanah,1
atimu,1
berharap,1
dewe,1
kae,1
koe,1
mungkin,1
ndobolkuro,1
nglarani,1
terlalu,1
udu,1
jnnfrp,1
mother,1
fanart,1
mewzim,1
maindish,1
anda,1
zaman,1
thewxntedd,1
xx,1
girl,1
story,1
berada,1
dekatmu,1
kan,1
selamanya,1
untukmu,1
walau,1
arisane,1
murugan,1
vadivel,1
ce,1
gold,1
enjoyment,1
examples,1
hook,1
neat,1
sure,1
lot,1
year,1
came,1
akl,1
dku,1
ktnt,1
big,1
had,1
donkk,1
meutiakdy,1
else,1
music,1
watch,1
praktikal,1
redhai,1
iiwanan,1
kunin,1
lahat,1
pp,1
person,1
stats,1
mesin,1
spinner,1
kind,1
well,1
kawakami,1
takuya,1
curhat,1
masalah,1
sering,1
ffs,1
lalalaaliice,1
stephanielingi,1
doh,1
problems,1
yuh,1
yuhself,1
fuckkkkkkkkkkkkkkkkkkkkkkk,1
fah,1
nattaya,1
beyond,1
church,1
full,1
pastor,1
senior,1
service,1
wcagls,1
run,1
tomorrow,1
tea,1
school,1
dakmin,1
front,1
rihanna,1
act,1
behave,1
jus,1
sauces,1
throw,1
wages,1
nancy,1
aspek,1
bahwa,1
fisik,1
hrus,1
keyakinan,1
kondisi,1
mencapai,1
sempurna,1
terbaik,1
drinking,1
jasesidlow,1
tinpot,1
nw,1
potrebna,1
eh,1
teeffaah,1
kreatif,1
nadirah,1
nur,1
skit,1
tunjuk,1
indo,1
mengikuti,1
sah,1
sbg,1
tanda,1
arek,1
goro,1
iki,1
kepett,1
padal,1
piia,1
tok,1
intriguing,1
opportunity,1
presents,1
tcot,1
yah,1
body,1
whole,1
burst,1
dey,1
cecilievilde,1
helt,1
jeg,1
mai,1
og,1
ut,1
measured,1
ruler,1
really,1
made,1
special,1
diri,1
hidup,1
tah,1
pero,1
once,1
sagot,1
ung,1
ate,1
ok,1
rona,1
ronalaxy,1
sandwich,1
knockknock,1
nm,1
il,1
si,1
fluently,1
marmyla,1
bbm,1
gratiajoanne,1
bertahun,1
bs,1
dgn,1
dsini,1
kelayakan,1
masy,1
memberi,1
sehingga,1
semacam,1
status,1
tes,1
ujian,1
ustadz,1
comments,1
berakhir,1
kapan,1
membosankan,1
satnite,1
gets,1
sue,1
tries,1
dah,1
ahmad,1
night,1
offline,1
tough,1
whats,1
mohon,1
hub,1
minat,1
scare,1
survives,1
cha,1
inu,1
owwww,1
nggak,1
pengen,1
ekogaskarth,1
mengecewakan,1
mudahan,1
sbb,1
chinchillas,1
arrogant,1
family,1
duhjan,1
fitrotunnsa,1
nyg,1
bosan,1
yaamat,1
kang,1
wala,1
aiz,1
krievs,1
muguras,1
nebija,1
protams,1
reizi,1
pictures,1
yesterday,1
bila,1
single,1
taken,1
peyottt,1
charger,1
electricity,1
means,1
sungyeoreo,1
behuman,1
humanity,1
ima,1
nas,1
poruku,1
praznu,1
aqilahnadzir,1
dengar,1
esok,1
isnin,1
jawapan,1
malam,1
petang,1
pilih,1
sarahysmne,1
subuh,1
yoo,1
yooo,1
moment,1
mideast,1
yuu,1
depressed,1
exo,1
official,1
spread,1
yen,1
jg,1
sul,1
sungai,1
doongg,1
follbacknyaa,1
makasiih,1
sblmnya,1
ak,1
bomb,1
carbomb,1
eight,1
exploded,1
killed,1
kills,1
least,1
wounded,1
mama,1
cancer,1
crashing,1
googled,1
googledoctorofdoom,1
symptoms,1
banget,1
boong,1
chocoliciousmks,1
coklat,1
tebel,1
ap,1
bilkul,1
kha,1
ny,1
sahi,1
please,1
accidentally,1
avoiding,1
message,1
xc,1
angkat,1
bersiul,1
biar,1
dyomalikihakim,1
istighfar,1
ntar,1
dropped,1
inconsideration,1
plans,1
same,1
able,1
dirty,1
embrace,1
fade,1
memories,1
tears,1
hindi,1
tao,1
poor,1
dong,1
kemana,1
pliss,1
ujan,1
berusahalah,1
ingin,1
menghasilkan,1
segala,1
tekun,1
ulet,1
baekyeolliee,1
fy,1
vd,1
info,1
ready,1
obsessed,1
sent,1
bq,1
mengirim,1
rinkaku,1
ohh,1
pergi,1
build,1
line,1
pickup,1
snowman,1
fav,1
ama,1
sesuka,1
weyy,1
ableg,1
cdnpoli,1
eggs,1
lakes,1
mercury,1
near,1
tarsands,1
warning,1
cmon,1
create,1
fany,1
make,1
members,1
other,1
stalking,1
tiffany,1
till,1
blown,1
smoked,1
snorted,1
feezasahadan,1
pai,1
dapil,1
perempuan,1
comedy,1
sam,1
pasti,1
nam,1
eres,1
felicidad,1
ladeabril,1
mi,1
respuesta,1
sepas,1
temo,1
morning,1
le,1
beautiful,1
rp,1
accepted,1
denied,1
trust,1
down,1
freebies,1
ftkre,1
murder,1
mystery,1
adek,1
bnyak,1
dikerubut,1
hehe,1
laler,1
lg,1
modusin,1
ngrasa,1
pantes,1
tiri,1
close,1
lives,1
boku,1
ebooks,1
pico,1
yeyeye,1
fix,1
idih,1
nawar,1
xmsngca,1
sana,1
stayed,1
move,1
sitting,1
still,1
abend,1
eig,1
eine,1
einer,1
geburtstagsfeier,1
gleich,1
japantag,1
liebe,1
meine,1
muss,1
nighttlight,1
schwester,1
und,1
zu,1
chill,1
ev,1
experience,1
rather,1
solid,1
beasiswa,1
detiknews,1
mahasiswa,1
penerima,1
counter,1
laju,1
meng,1
perke,1
loisa,1
shmaraellen,1
hard,1
our,1
pls,1
aadmi,1
huaa,1
kya,1
case,1
hijab,1
looooooooooooooooooooooooooooool,1
ohmydays,1
walk,1
wouldn,1
feelings,1
wrong,1
xxx,1
arsey,1
news,1
reports,1
rockets,1
tens,1
hemmings,1
along,1
jaredsoso,1
snapchat,1
afnitania,1
debysinthia,1
mwaaachh,1
selfie,1
awww,1
atuh,1
pako,1
dark,1
hair,1
jodoh,1
udh,1
heatseeker,1
apaaa,1
gila,1
hahhahahaha,1
mkn,1
panjing,1
td,1
tgk,1
umpannn,1
aircond,1
bak,1
direct,1
gua,1
hang,1
kene,1
sejuk,1
seminit,1
dg,1
kader,1
lega,1
memperhatikan,1
ms,1
ogah,1
suasana,1
convict,1
ex,1
lindaikeji,1
fetish,1
pavement,1
amat,1
sex,1
getting,1
socialmedia,1
socialmediamarketing,1
auntie,1
beaver,1
makoharada,1
apeluje,1
distributere,1
doniraju,1
drazenmaravic,1
hrane,1
krstu,1
opreme,1
pelena,1
proizvode,1
believe,1
kill,1
place,1
whpatterson,1
ayakhaled,1
joshuapolk,1
lady,1
wasn,1
indah,1
keinginan,1
kitaa,1
slalu,1
tuhan,1
kasi,1
com,1
melhor,1
minha,1
podia,1
tenho,1
face,1
ddfann,1
sumisahoo,1
bluesky,1
written,1
aboshagr,1
missed,1
penalty,1
thought,1
ijat,1
karppenkin,1
bahagian,1
iaitu,1
kecacatan,1
normal,1
otot,1
pd,1
pendek,1
pipi,1
ternyata,1
zygomaticus,1
ditayangkan,1
ditutup,1
gaban,1
penerangan,1
screennya,1
segede,1
umum,1
hay,1
kaka,1
rumah,1
sedang,1
sutting,1
tanya,1
tempat,1
th,1
rn,1
white,1
asleep,1
falling,1
digutogozywy,1
bingung,1
dihh,1
knpa,1
ponyapandr,1
kisgayagayaai,1
trcpinnd,1
every,1
gym,1
barz,1
brick,1
sledgehammer,1
disgusting,1
insane,1
mental,1
tiayoufag,1
weird,1
youtube,1
max,1
benn,1
guianashield,1
homophobia,1
stand,1
trainees,1
trevor,1
jambunya,1
licafauziah,1
marmut,1
nonton,1
radityadika,1
hearing,1
shops,1
shut,1
writers,1
second,1
automatically,1
heart,1
nicarrag,1
said,1
titty,1
playin,1
wae,1
invited,1
kayfhendo,1
matts,1
reason,1
red,1
aeon,1
bayar,1
dulu,1
kena,1
norranysa,1
skarang,1
toilet,1
port,1
saw,1
visit,1
adeth,1
ala,1
akn,1
berjuang,1
kesuksesaank,1
memberikan,1
mengunjukan,1
msh,1
tuaku,1
umur,1
cool,1
raaaab,1
scaring,1
stories,1
basically,1
psychopath,1
gilinskysgrind,1
luciddallas,1
stutter,1
chorar,1
final,1
ir,1
sorrir,1
ngakak,1
ngakaknya,1
sengakak,1
ago,1
minutes,1
obligation,1
ten,1
iye,1
mania,1
sports,1
ja,1
ajak,1
arumluxielmi,1
form,1
kakak,1
teman,1
trus,1
eating,1
monster,1
pasta,1
medication,1
oxenfreed,1
bashing,1
tried,1
turned,1
twice,1
constant,1
long,1
bahagia,1
yamazakisigeru,1
shet,1
talaga,1
terbatas,1
iingat,1
ikw,1
kidnapin,1
kta,1
mag,1
rtru,1
active,1
minyarr,1
bullshitting,1
peter,1
petermac,1
skinny,1
sanggup,1
begitu,1
ciptaan,1
iskandar,1
jess,1
makhluk,1
poki,1
yaaa,1
pathetic,1
awn,1
ela,1
karl,1
liiima,1
lima,1
priv,1
roz,1
hand,1
right,1
shaken,1
cherryfunkaroo,1
emotional,1
movsi,1
shawties,1
few,1
gives,1
treats,1
americs,1
cri,1
hahahah,1
pilipinas,1
excuses,1
reasons,1
sit,1
hqz,1
boiling,1
moonontheheaven,1
nga,1
ansakit,1
natin,1
toh,1
ulo,1
kumilos,1
santolan,1
different,1
arson,1
fires,1
flee,1
eonnie,1
gomawoooo,1
haiii,1
jinmeyxin,1
meymeyyy,1
dgl,1
ngomong,1
sayang,1
danieldjnorris,1
postcard,1
send,1
female,1
genital,1
mutilation,1
petition,1
signed,1
pchyrose,1
scared,1
hbs,1
ide,1
zokyungsoo,1
hr,1
lessons,1
science,1
jam,1
isci,1
olumleri,1
sinemakadraj,1
blonde,1
brunette,1
mayarr,1
nourhassoun,1
sandrayahya,1
bae,1
saying,1
ziunism,1
asal,1
baik,1
emang,1
merasa,1
ngejudge,1
sob,1
migrate,1
adam,1
cevap,1
dilli,1
eksik,1
milyon,1
ne,1
noite,1
bernama,1
memelihara,1
alrdy,1
dd,1
egos,1
burden,1
aslan,1
demirer,1
hrg,1
mulai,1
krisinsanity,1
demi,1
somebody,1
anal,1
loves,1
amwriting,1
courteously,1
door,1
holding,1
stab,1
wiplines,1
beer,1
garden,1
louisegittinsss,1
celebrate,1
overdose,1
thwin,1
home,1
kepribadian,1
kuat,1
soreeeee,1
amj,1
annoys,1
presence,1
whose,1
biasin,1
debuts,1
djkingassassin,1
liferdef,1
arissa,1
bsuk,1
went,1
bercanda,1
emmm,1
jir,1
kudu,1
tet,1
naka,1
wla,1
karma,1
librarianmusic,1
monolithiummm,1
tagging,1
tribute,1
bring,1
pissed,1
sj,1
betul,1
bilik,1
liplapliplap,1
malas,1
respect,1
revision,1
yo,1
ma,1
couple,1
kawin,1
mas,1
attack,1
plant,1
rebels,1
reuters,1
abraj,1
zaynmalik,1
anawizz,1
comme,1
continuer,1
faut,1
parce,1
pas,1
peux,1
trouves,1
screaming,1
shatter,1
shiz,1
tween,1
cupfinale,1
finale,1
hockey,1
tysk,1
already,1
converter,1
fall,1
myth,1
saviour,1
souls,1
title,1
akak,1
dera,1
dik,1
larat,1
mengantuk,1
asik,1
buruk,1
mampuss,1
pegi,1
sebab,1
selfies,1
suruh,1
tension,1
jga,1
kjihan,1
beli,1
version,1
works,1
aguentar,1
entender,1
palominhaw,1
scarletthutton,1
barzan,1
animals,1
cute,1
doggie,1
dogs,1
pets,1
puppy,1
sayz,1
steelergirltp,1
toldz,1
heartache,1
king,1
banyaknya,1
benar,1
duka,1
jatuh,1
semakin,1
terlahir,1
diapelin,1
jembercoret,1
minggu,1
uda,1
soccer,1
po,1
mengingat,1
cari,1
jagung,1
jagungnya,1
keluar,1
kotkoth,1
kurniadsw,1
kurr,1
makan,1
nebar,1
nyotot,1
yukk,1
heat,1
atyampela,1
berapa,1
lama,1
ngejomblo,1
salahnya,1
sik,1
usia,1
fuckface,1
afqsyf,1
fikir,1
midterm,1
pasal,1
result,1
choisuyo,1
diet,1
dinner,1
ikut,1
waiting,1
retains,1
seat,1
nup,1
stelena,1
wallflowerniall,1
wayyyy,1
strength,1
mielinho,1
ogarnij,1
tipheret,1
twitterze,1
uczy,1
danieljgillies,1
death,1
hallucinating,1
julieplec,1
tapluke,1
anti,1
coverage,1
eluding,1
interstate,1
timmacs,1
penis,1
penting,1
sukses,1
bha,1
jha,1
kag,1
mdag,1
muttomutti,1
rismayanaaris,1
slah,1
wee,1
amd,1
amed,1
amanhecer,1
bella,1
continua,1
falando,1
lindo,1
lua,1
meu,1
mundo,1
name,1
nesse,1
preferido,1
sacada,1
sendo,1
sol,1
todo,1
visto,1
hot,1
talking,1
banksy,1
efkanbolac,1
geldi,1
geri,1
salonunda,1
spor,1
cantik,1
cuma,1
ganteng,1
mata,1
membahagiakan,1
pacar,1
setia,1
tulus,1
frustrates,1
miwa,1
lapo,1
mari,1
wih,1
kw,1
seri,1
fyxsuga,1
polbek,1
mamaya,1
matatanggal,1
cannot,1
strong,1
water,1
sekitar,1
faced,1
lived,1
normalisation,1
racial,1
sunnysingh,1
violence,1
hy,1
bombingsparaded,1
culprits,1
doyinokupe,1
evidence,1
frm,1
gathering,1
intelligence,1
nyanya,1
suspect,1
ystdy,1
power,1
apart,1
set,1
fvoey,1
nawafbinturki,1
childreads,1
afraid,1
baby,1
buen,1
espalda,1
felicidades,1
kzyxakhd,1
maria,1
medida,1
muchas,1
pases,1
posible,1
stock,1
exospy,1
issue,1
gagean,1
kentongan,1
lur,1
mbokan,1
maneee,1
alarm,1
hating,1
use,1
wake,1
exam,1
teach,1
ade,1
firdaalestari,1
kelas,1
masa,1
pacaran,1
irritated,1
itchy,1
nah,1
tattoo,1
hisap,1
layang,1
melayang,1
memerah,1
pikiranku,1
akang,1
drummer,1
sma,1
bblhin,1
va,1
motivation,1
iansomerhalder,1
barrio,1
group,1
spoke,1
told,1
lupa,1
imparare,1
course,1
wedlock,1
gnys,1
calling,1
cruel,1
food,1
foxes,1
natural,1
liat,1
butt,1
touch,1
akhlak,1
alfiera,1
hensem,1
janji,1
mulia,1
nampak,1
takpe,1
mxx,1
hanya,1
cd,1
disingle,1
juta,1
kompak,1
namanya,1
ngabisin,1
wota,1
lmao,1
nut,1
anong,1
anu,1
galit,1
kwento,1
punyetang,1
sabihin,1
behaves,1
feels,1
nt,1
goddammit,1
triplej,1
mike,1
unfollower,1
ngeseks,1
puas,1
sampe,1
gdkpakkadd,1
defeated,1
eventually,1
frustrated,1
koye,1
obrager,1
bismakarisma,1
ibu,1
khilaf,1
ptrlds,1
seorang,1
alien,1
comeback,1
rumour,1
terlambat,1
tersakiti,1
bot,1
torturing,1
assim,1
azul,1
eu,1
fundo,1
gajo,1
os,1
sou,1
todos,1
fool,1
kehujanan,1
awh,1
older,1
parkcy,1
bayangkan,1
mesti,1
parents,1
poto,1
study,1
friescraic,1
hemmosturbates,1
madcapniall,1
jejemon,1
sya,1
fysehunpls,1
laughter,1
smiles,1
togetherness,1
nda,1
boypower,1
sass,1
zhangdou,1
bilo,1
javljate,1
komuniciramo,1
padaavala,1
rs,1
smo,1
ukoliko,1
vama,1
vi,1
zatreba,1
bizi,1
desel,1
fuatavni,1
tabi,1
tekmeleseydi,1
tokat,1
veya,1
yersiniz,1
difficult,1
leatherzxyn,1
teriyakizayn,1
womp,1
behind,1
champions,1
competitions,1
defending,1
points,1
except,1
following,1
criterion,1
niggas,1
slooo,1
jalan,1
sepeda,1
spongebob,1
hala,1
hqhahahha,1
nasad,1
oyy,1
texting,1
ta,1
golfrunda,1
rsehlin,1
cierra,1
este,1
patilla,1
viernes,1
huy,1
iamjmpg,1
jm,1
gidenleri,1
hatta,1
rojyasin,1
susturacaklar,1
tehditle,1
ppangsiree,1
deket,1
djantung,1
getarannya,1
mamih,1
papih,1
described,1
fr,1
nrinqis,1
barca,1
jersey,1
starom,1
ijreview,1
jaazee,1
absolute,1
bum,1
mccann,1
occurring,1
recall,1
rahadinabudiman,1
amount,1
chips,1
dip,1
dipping,1
germs,1
increase,1
juliusjepb,1
waley,1
coisa,1
comer,1
fazer,1
obvio,1
unica,1
vou,1
finished,1
placement,1
cekkingg,1
divoloria,1
dlh,1
faithful,1
fake,1
kkaebbaek,1
dukung,1
hahhaa,1
mlem,1
tar,1
aktivitas,1
bayi,1
dpt,1
keras,1
merekam,1
miliki,1
otak,1
pengaruhi,1
suara,1
tertidur,1
cahayadeny,1
luna,1
melihat,1
menikah,1
tahun,1
say,1
beger,1
palu,1
extent,1
kapilvarala,1
kriti,1
bilang,1
yaa,1
null,1
sebagai,1
depression,1
piece,1
rainedonparade,1
wrote,1
du,1
nyam,1
arv,1
uk,1
cikgu,1
kencing,1
rehat,1
saye,1
sepatutnya,1
sye,1
involved,1
sampan,1
cika,1
erikacikaaa,1
nangis,1
tengok,1
thekhayalan,1
bestie,1
menghilang,1
bxw,1
morimayuuu,1
dnhrobinson,1
pirklemichael,1
redneck,1
awanreddish,1
bangkapos,1
pangkalpinang,1
gg,1
te,1
cts,1
buljis,1
sta,1
ksa,1
ahahhahaha,1
akhirnya,1
mengakui,1
nit,1
wkwkkw,1
el,1
lazm,1
nwageh,1
aneeza,1
baat,1
khurr,1
nadia,1
tourions,1
usman,1
wali,1
retweeted,1
ar,1
daa,1
davinaxo,1
eg,1
ik,1
ikos,1
sadac,1
saqartveloshi,1
ubda,1
evicted,1
twt,1
ento,1
et,1
democracy,1
easier,1
encourages,1
profdavidflint,1
voting,1
leave,1
stupid,1
met,1
kagehikosirou,1
loud,1
rumbling,1
dam,1
luvmystyles,1
oki,1
potem,1
belom,1
elearning,1
mrizkyfau,1
paw,1
jowa,1
lalandi,1
tapos,1
acceeccaahhh,1
geo,1
khatam,1
xiiwanaa,1
zyma,1
easy,1
harassed,1
judged,1
justinbieber,1
raised,1
road,1
early,1
talkin,1
ajmastuti,1
introgasi,1
mbak,1
penyanyi,1
macam,1
chanyouall,1
yok,1
attitude,1
electron,1
everyones,1
axxa,1
choi,1
ldrqiann,1
nawnsxi,1
sullifx,1
susu,1
yodah,1
reform,1
says,1
secrecy,1
shrouded,1
testing,1
ohboyharry,1
secret,1
bilis,1
chipikon,1
din,1
ikr,1
lamigin,1
madeads,1
pics,1
usiih,1
menyesal,1
perbuatan,1
insignificant,1
self,1
thevolves,1
aaaartinyaaaaa,1
cuk,1
jokowi,1
kuping,1
pengang,1
sudjiwotedjo,1
initiative,1
ynx,1
besok,1
iih,1
wkwkwwk,1
bawardik,1
customers,1
dealing,1
morfej,1
bullshit,1
hopscotches,1
art,1
attempt,1
cleaning,1
lay,1
poorly,1
chos,1
dawatlimpyo,1
harharhar,1
hari,1
shwg,1
landi,1
rodilynfinite,1
netmediatama,1
vote,1
fxxluke,1
maybe,1
chegue,1
desejosa,1
clarity,1
zedd,1
anak,1
bitches,1
crazy,1
biasa,1
rainaputri,1
horror,1
podcast,1
akkawat,1
fe,1
spider,1
cherelle,1
galefrae,1
harsh,1
iamhamdi,1
knows,1
knew,1
ape,1
cakap,1
kalah,1
raiszramly,1
tau,1
gamba,1
culi,1
idu,1
ispomoc,1
koja,1
nikad,1
nisu,1
organizuju,1
samostalno,1
sela,1
unutrasnjosti,1
onto,1
timeline,1
unfollow,1
confort,1
everytime,1
physics,1
tells,1
burns,1
cukup,1
daftar,1
disini,1
hoax,1
tiap,1
seso,1
cepat,1
kabulin,1
permintaan,1
aakakak,1
labil,1
chaw,1
fionnansheahan,1
poll,1
bareng,1
favorite,1
iseng,1
nemu,1
salshaabilaa,1
xlklctsbcdks,1
gengsi,1
membuat,1
menyatakan,1
mer,1
tdk,1
bawa,1
berusaha,1
jalani,1
makanya,1
sabar,1
selalu,1
tawakal,1
moss,1
sajad,1
imagen,1
sola,1
una,1
verdad,1
black,1
sbm,1
berpeluh,1
peluh,1
tadi,1
tengah,1
zapin,1
capres,1
perfil,1
pessoas,1
visualizado,1
njemuri,1
sommecourt,1
mois,1
mondial,1
vaut,1
voir,1
bother,1
lying,1
rosered,1
dedi,1
pendaftaran,1
dimaksud,1
ituu,1
wkk,1
mengingatkanmu,1
terindah,1
maker,1
usul,1
cummy,1
eats,1
hubby,1
xnxx,1
xpt,1
shirts,1
jadie,1
dete,1
inform,1
krovu,1
nalazi,1
posl,1
radioamat,1
stanu,1
zgrade,1
hind,1
taka,1
rd,1
es,1
alt,1
ld,1
ver,1
rela,1
