amp,34
i,28
my,28
love,25
so,25
like,23
have,23
m,22
who,21
from,20
just,18
out,18
x,18
day,17
do,16
want,16
everyone,16
sos,16
can,16
today,15
follow,15
new,14
heat,14
u,13
https,13
see,13
yang,13
rts,13
good,13
dia,12
we,12
more,12
ko,12
really,12
much,12
now,11
d,11
don,11
one,11
too,11
how,10
ll,10
back,10
ve,10
all,10
up,10
about,10
here,10
ng,9
y,9
gameinsight,9
would,9
last,9
p,9
lt,9
think,9
di,8
q,8
go,8
has,8
what,8
get,8
next,8
time,8
o,8
year,8
had,8
when,8
her,8
kita,8
itu,8
game,8
know,8
our,8
via,7
talk,7
amazing,7
video,7
off,7
why,7
miss,7
ini,7
re,7
v,7
kau,7
ya,7
f,7
work,7
best,7
mean,7
play,7
night,7
ever,7
better,7
please,7
wish,7
his,7
th,7
home,7
n,6
great,6
world,6
ako,6
followers,6
sa,6
k,6
am,6
life,6
androidgames,6
way,6
again,6
people,6
them,6
si,6
dah,6
its,6
she,6
morning,6
fun,6
show,6
sex,6
heart,6
final,6
he,6
e,5
l,5
lol,5
those,5
lang,5
ni,5
r,5
photo,5
posted,5
z,5
iphone,5
win,5
big,5
w,5
sama,5
feel,5
may,5
gonna,5
come,5
meet,5
ah,5
la,5
haha,5
help,5
made,5
always,5
does,5
find,5
hello,5
c,5
omg,5
been,5
mau,5
make,5
beautiful,5
still,5
cr,5
only,5
birthday,5
say,5
mine,4
got,4
going,4
na,4
con,4
start,4
pic,4
awesome,4
support,4
need,4
someone,4
thank,4
ada,4
g,4
xx,4
sougofollow,4
android,4
things,4
lot,4
turn,4
watch,4
thanks,4
hope,4
than,4
far,4
j,4
because,4
us,4
ka,4
happy,4
should,4
wala,4
nak,4
let,4
were,4
dari,4
naman,4
tonight,4
looks,4
other,4
men,4
openfollow,4
rp,4
give,4
some,4
klo,4
happen,4
size,4
cup,4
said,4
making,4
long,4
av,4
sun,4
ma,4
letters,4
bey,4
walaupun,4
ooo,4
boys,3
aku,3
boleh,3
high,3
mga,3
real,3
where,3
did,3
brooks,3
luke,3
could,3
girl,3
hati,3
gold,3
sure,3
guys,3
twitter,3
brilliant,3
perfect,3
music,3
others,3
dan,3
followed,3
nd,3
well,3
summer,3
phone,3
before,3
babies,3
pm,3
team,3
ice,3
anyone,3
friends,3
weekend,3
away,3
days,3
da,3
eh,3
lebih,3
him,3
dengan,3
loyal,3
dream,3
victory,3
nice,3
okay,3
wow,3
mph,3
rb,3
cuek,3
karena,3
mana,3
yung,3
even,3
gathered,3
lovely,3
car,3
wkwk,3
banget,3
al,3
pa,3
never,3
boyfriend,3
same,3
part,3
bye,3
gt,3
over,3
likes,3
cream,3
news,3
gua,3
live,3
dinosaur,3
both,3
bad,3
movie,3
most,3
akad,3
topicwave,3
makes,3
cool,3
idk,3
each,3
bisa,3
which,3
soon,3
man,3
salah,3
jam,3
ml,3
hot,3
talking,3
baby,3
su,3
irwoodhemfordxx,3
ta,3
many,3
outside,3
doing,3
style,3
bersama,3
wedding,2
something,2
sing,2
mo,2
gained,2
bukan,2
hahaha,2
lose,2
month,2
b,2
reach,2
buat,2
comes,2
mention,2
matter,2
atau,2
cara,2
nothing,2
reg,2
tweet,2
followback,2
tapi,2
tak,2
laughing,2
spend,2
coins,2
collected,2
selection,2
head,2
pin,2
else,2
person,2
stats,2
unfollowers,2
kind,2
apa,2
try,2
full,2
keep,2
women,2
weather,2
eops,2
fofo,2
yl,2
event,2
being,2
fair,2
keterangan,2
lanjut,2
yg,2
vows,2
er,2
wonderful,2
appreciate,2
friendships,2
smile,2
special,2
diri,2
mereka,2
terima,2
dr,2
hidup,2
alam,2
look,2
since,2
bro,2
pay,2
fire,2
article,2
pretty,2
im,2
join,2
nggak,2
yeolstagram,2
jgn,2
first,2
everything,2
bahay,2
yesterday,2
ilysm,2
literally,2
book,2
breaks,2
malam,2
moment,2
shows,2
arsenal,2
years,2
update,2
glxyqian,2
kyesung,2
gak,2
malem,2
end,2
received,2
finally,2
ready,2
started,2
ohh,2
bertahan,2
ga,2
juga,2
wanna,2
till,2
ty,2
products,2
chapter,2
starts,2
having,2
playing,2
jfb,2
yaaaa,2
down,2
damn,2
hehe,2
kalo,2
lives,2
sana,2
experience,2
without,2
wrong,2
xxx,2
hey,2
oh,2
de,2
bgt,2
kok,2
buka,2
masih,2
niya,2
evo,2
swag,2
discovered,2
events,2
believe,2
kill,2
coffee,2
akong,2
jauh,2
pun,2
face,2
through,2
australia,2
record,2
videos,2
TRUE,2
thought,2
parade,2
page,2
wtf,2
liked,2
sir,2
cousin,2
sake,2
dog,2
average,2
talaga,2
deep,2
hi,2
buy,2
eat,2
desperate,2
hahahaha,2
right,2
tend,2
walked,2
nights,2
ganti,2
sayang,2
little,2
left,2
bae,2
saying,2
sedih,2
guess,2
voice,2
super,2
weight,2
kat,2
action,2
cottonliams,2
lukey,2
begin,2
went,2
bring,2
premrugby,2
giving,2
yo,2
mir,2
un,2
couple,2
done,2
zaynmalik,2
ht,2
cute,2
djka,2
wait,2
bakal,2
interview,2
sekarang,2
waiting,2
ninivsnana,2
whatsapp,2
ending,2
plan,2
bawel,2
items,2
upload,2
power,2
betapa,2
teach,2
yes,2
fa,2
nanti,2
old,2
brand,2
shirt,2
seen,2
hanya,2
daddy,2
guide,2
bigger,2
order,2
competition,2
giveaway,2
worth,2
verified,2
house,2
ur,2
football,2
players,2
closely,2
beat,2
taste,2
ill,2
memory,2
galau,2
jadwal,2
kuliah,2
sabtu,2
dapat,2
hain,2
property,2
refreshing,2
ipadgames,2
excited,2
forget,2
direction,2
mobile,2
kaway,2
tho,2
hinchy,2
score,2
volley,2
zidane,2
leave,2
log,2
using,2
justinbieber,2
congrats,2
someday,2
dua,2
paling,2
inside,2
meme,2
nanospray,2
keadaan,2
terpaksa,2
nafas,2
temen,2
armorfallsswift,2
taylorshwift,2
wink,2
turning,2
akan,1
jika,1
lain,1
rt,1
che,1
solo,1
turns,1
god,1
pray,1
read,1
se,1
fucking,1
room,1
shit,1
feet,1
lightnight,1
top,1
view,1
around,1
hearts,1
wear,1
kung,1
nasa,1
site,1
beach,1
coming,1
alansbathrooms,1
design,1
ee,1
free,1
planner,1
cleanse,1
firm,1
personalized,1
program,1
tighten,1
korea,1
iamhayalesbian,1
loving,1
swo,1
yougomego,1
celebration,1
lari,1
hell,1
edit,1
agreed,1
antitikitaka,1
clubs,1
media,1
personal,1
terms,1
yet,1
baru,1
cover,1
rame,1
suka,1
yuk,1
cess,1
ang,1
kuya,1
problem,1
nya,1
fight,1
fighting,1
barcelona,1
facebook,1
batho,1
ke,1
nyele,1
ary,1
cc,1
detikcom,1
hafidz,1
saya,1
quote,1
fakiebarb,1
koe,1
anda,1
legend,1
pada,1
zaman,1
story,1
packages,1
htt,1
rest,1
gain,1
must,1
hull,1
isn,1
gunna,1
notifications,1
tweeting,1
doodle,1
came,1
utk,1
younger,1
retweet,1
mistake,1
stars,1
trailer,1
meow,1
woof,1
masalah,1
betterthanlancashire,1
yorkshire,1
knapa,1
footeini,1
minouli,1
hero,1
sorry,1
fireworks,1
any,1
senior,1
run,1
tomorrow,1
tea,1
freshmen,1
grades,1
school,1
qa,1
entire,1
front,1
grabbing,1
act,1
adalah,1
colleagues,1
richardbranson,1
workers,1
bbcweather,1
between,1
bit,1
cloud,1
cloudy,1
looking,1
jinx,1
keitthpunter,1
reverse,1
mukhang,1
siopao,1
gy,1
bagladee,1
intriguing,1
opportunity,1
presents,1
also,1
brother,1
myself,1
destroy,1
foreign,1
policy,1
tcot,1
workin,1
en,1
thing,1
jeg,1
hm,1
ih,1
shop,1
gelak,1
harini,1
kurang,1
camp,1
footy,1
club,1
bc,1
saved,1
zaynmalikac,1
faisal,1
fsl,1
ialah,1
ikhlas,1
membandingkan,1
oran,1
seadanya,1
tanpa,1
kluar,1
lps,1
smkakk,1
sunyi,1
tah,1
truss,1
hndi,1
lhat,1
nakakaiyak,1
pero,1
h,1
animal,1
committed,1
lover,1
once,1
very,1
sexy,1
gz,1
knockknock,1
kris,1
nm,1
blog,1
gomma,1
matita,1
modifica,1
stampa,1
aint,1
dreamt,1
gotta,1
papi,1
winning,1
puppie,1
samariasimmonsx,1
slush,1
skittlesandcake,1
waktu,1
apologises,1
comments,1
jozitweet,1
kapan,1
gets,1
atwine,1
enamara,1
gittabrian,1
moris,1
lu,1
serah,1
greateranglia,1
gusts,1
iamitzel,1
brooooooo,1
hallllll,1
kkkkk,1
nshylaa,1
takdaaaa,1
consultant,1
enrollment,1
welcome,1
diannagronrp,1
fllwed,1
dekat,1
banten,1
diserang,1
elva,1
htm,1
hub,1
minat,1
pinbb,1
vip,1
vvip,1
cemburu,1
diperhatiin,1
pengen,1
mudah,1
chacha,1
gilos,1
malu,1
sbb,1
typo,1
sign,1
wrath,1
noticed,1
selena,1
dapatkan,1
family,1
iya,1
channel,1
shairashanesema,1
itsura,1
kang,1
kapag,1
pake,1
pictures,1
stop,1
bila,1
rm,1
single,1
missi,1
thinking,1
hp,1
satu,1
sport,1
download,1
iphonegames,1
mvvs,1
calls,1
silence,1
ava,1
blessed,1
satisfying,1
emkmorris,1
holiday,1
inks,1
printers,1
save,1
vouchercode,1
exo,1
beetles,1
cutest,1
months,1
trophy,1
won,1
air,1
jg,1
killed,1
glx,1
ilyt,1
mama,1
impossible,1
maddijanemusic,1
singer,1
sintarizqiani,1
theem,1
cek,1
ikaw,1
kay,1
lumalapit,1
mahiya,1
become,1
epitome,1
faltered,1
inspiration,1
open,1
ao,1
happens,1
banyak,1
after,1
neighbors,1
plans,1
embrace,1
mabasa,1
tao,1
utak,1
coeur,1
hiver,1
lunchtime,1
poor,1
several,1
spent,1
uncannily,1
dong,1
semester,1
former,1
students,1
sweetest,1
kamu,1
sesuatu,1
naddiya,1
fy,1
fcwb,1
info,1
product,1
kept,1
officially,1
replayed,1
actually,1
bq,1
highwayyyy,1
parang,1
cewek,1
dikecewain,1
drpd,1
harus,1
pergi,1
punya,1
sayangnya,1
terus,1
build,1
line,1
fav,1
orang,1
reggae,1
sweet,1
fxckesmee,1
found,1
cant,1
understand,1
drunk,1
catch,1
ensemble,1
eye,1
ultimate,1
yyyiwa,1
iaa,1
cat,1
jump,1
kerjaannya,1
nila,1
nilasari,1
pasti,1
tiramarssy,1
melt,1
formulas,1
manage,1
lo,1
dannyhuffam,1
rosamundd,1
tylerwatt,1
confessions,1
east,1
jb,1
priest,1
diretweet,1
parody,1
soojonk,1
western,1
trust,1
planet,1
triple,1
earth,1
might,1
lah,1
lg,1
boy,1
guy,1
mkkhxclariner,1
jhonamju,1
lalala,1
makasih,1
namju,1
yeyeye,1
lumabas,1
nalang,1
taga,1
sitting,1
chill,1
untuk,1
berubahlah,1
kerana,1
ngayon,1
pera,1
tayong,1
afternoon,1
awards,1
billboard,1
pls,1
stratfordtune,1
eyfalaaa,1
peak,1
case,1
writehandedgirl,1
available,1
mugs,1
reserve,1
dani,1
ple,1
puts,1
sanchiababes,1
selfie,1
kilometer,1
nyanyi,1
pengin,1
gc,1
tut,1
atuh,1
heyirwan,1
lulus,1
bb,1
kim,1
dark,1
hair,1
ywb,1
br,1
cocok,1
jodoh,1
klian,1
kmna,1
udh,1
bored,1
tgk,1
bunga,1
lail,1
lailyo,1
mawarnya,1
loh,1
direct,1
akin,1
diary,1
hinihiling,1
mahalin,1
pabalik,1
panget,1
paniwalaan,1
sinasabi,1
ground,1
dg,1
evening,1
yull,1
hyung,1
funny,1
joke,1
naturally,1
cake,1
nikon,1
yeah,1
getting,1
michael,1
allsport,1
scream,1
nike,1
exhibitions,1
workshops,1
godzilla,1
place,1
ayakhaled,1
boyish,1
daw,1
ito,1
jk,1
kasi,1
kaya,1
magagawa,1
nawalan,1
pinsan,1
siguro,1
favourite,1
two,1
icecream,1
dhe,1
makineri,1
votash,1
com,1
minha,1
elilili,1
ikianz,1
likeit,1
sgesge,1
ber,1
jela,1
kesian,1
naimifaris,1
cvtips,1
jobs,1
letter,1
write,1
awalludin,1
azizi,1
otw,1
ucu,1
seeing,1
tv,1
watched,1
boxing,1
abdu,1
ad,1
arnaout,1
barakat,1
farouk,1
joking,1
lab,1
mua,1
salem,1
leads,1
dshaw,1
series,1
dna,1
highlighting,1
nationalist,1
nbikash,1
organisation,1
spirit,1
written,1
penalty,1
ia,1
jscmila,1
band,1
samba,1
xy,1
annwats,1
grinners,1
white,1
linkedin,1
weird,1
youtube,1
adoressrauhl,1
trevor,1
gorgeous,1
nonton,1
lord,1
savior,1
second,1
automatically,1
burn,1
fuck,1
nicarrag,1
titty,1
wears,1
allegorein,1
forgot,1
selu,1
situation,1
saw,1
visit,1
dalam,1
adeth,1
ala,1
saat,1
lezzdodizz,1
stomach,1
instrument,1
musical,1
loved,1
stronger,1
azar,1
lulugar,1
saan,1
ha,1
amalan,1
bermegah,1
cukuplah,1
kepada,1
megah,1
melakukan,1
mengetahuinya,1
usahlah,1
ago,1
minutes,1
rgl,1
shai,1
yari,1
ja,1
kakak,1
county,1
hour,1
lucky,1
bone,1
creighton,1
deltaandthebannermen,1
phil,1
congestion,1
exit,1
sb,1
speed,1
turned,1
gidip,1
gitsinler,1
konsere,1
masterofnosense,1
olup,1
siktir,1
varsa,1
loveyou,1
sederhana,1
syu,1
badan,1
buruan,1
costum,1
kemeja,1
km,1
pesan,1
sendiri,1
sesuai,1
slimfit,1
cite,1
consciousness,1
frequently,1
interest,1
listening,1
rustyrockets,1
stuff,1
active,1
alone,1
glory,1
living,1
maturity,1
passion,1
purity,1
tell,1
deepammu,1
humaima,1
dreamxhemmings,1
pizzas,1
yaaa,1
auliasugiyono,1
donuts,1
pinku,1
ipl,1
pepsi,1
punjab,1
buffonyap,1
clearly,1
hear,1
indication,1
quiet,1
elect,1
party,1
delight,1
ew,1
exostan,1
krystflame,1
lul,1
pathetic,1
sica,1
icj,1
afezandbowties,1
madonpotter,1
openly,1
xtreacherous,1
couldn,1
realized,1
tbellmichele,1
type,1
sit,1
adrianakhirme,1
goodluck,1
fans,1
waving,1
icon,1
orgasniall,1
adoralynpingol,1
nga,1
ngyn,1
yan,1
question,1
hq,1
scotbaston,1
gogetart,1
itsautotweet,1
xj,1
bio,1
different,1
nita,1
apaan,1
dn,1
unn,1
berpacaran,1
kenyamanan,1
sebuah,1
tujuan,1
ban,1
bicara,1
bodoh,1
ngebatin,1
ngelawan,1
ngomong,1
ninggalin,1
radityadiikan,1
brownie,1
chocolate,1
die,1
flat,1
spot,1
sunny,1
watching,1
guardian,1
fine,1
happylatebdaymytwitterself,1
late,1
omfg,1
belah,1
gitu,1
hatinya,1
serem,1
dessert,1
kaysa,1
nauna,1
pagkain,1
izayinegirl,1
uglyshire,1
zaynisadorable,1
hd,1
brapa,1
ehhh,1
asdfgenizel,1
idea,1
kong,1
nun,1
sinasadya,1
yun,1
bookin,1
fee,1
incl,1
crocodile,1
jalanjalan,1
sarawak,1
asatagaa,1
masuk,1
marinahibrahim,1
sebak,1
li,1
aoao,1
haaaaa,1
tjo,1
lost,1
indonesia,1
wwwsoso,1
demirer,1
baju,1
saraedrinaa,1
avrianma,1
bos,1
datee,1
item,1
waroengsteak,1
demi,1
lovatos,1
picture,1
somebody,1
comedyandtruth,1
tru,1
youre,1
lie,1
door,1
beer,1
garden,1
happiness,1
italia,1
nostalgia,1
plus,1
strawberry,1
celebrate,1
together,1
kalau,1
lagi,1
kidrauhlsblxnt,1
take,1
chinesemanrec,1
shining,1
kuat,1
quite,1
roads,1
healthier,1
balai,1
minda,1
teringat,1
weh,1
bhlabour,1
distributing,1
hopenothate,1
newspapers,1
saving,1
taking,1
asking,1
beatstreetmcr,1
charities,1
donation,1
wins,1
liferdef,1
marathon,1
ploywisaruta,1
snsd,1
became,1
sang,1
staff,1
field,1
library,1
ordered,1
pizza,1
alright,1
mariecoyleey,1
weathers,1
ayu,1
ihhh,1
vicka,1
yaaang,1
flawless,1
goes,1
perfectly,1
girls,1
glitter,1
truth,1
semi,1
juice,1
juid,1
mci,1
mg,1
respect,1
bbmnya,1
cckckck,1
dibikin,1
novel,1
updates,1
hahha,1
jhoariana,1
jhoclosed,1
laaf,1
wl,1
election,1
dotfivesticks,1
drawing,1
movemay,1
thedailysketch,1
van,1
haah,1
osht,1
qishtu,1
ti,1
um,1
fandom,1
ajeu,1
gpp,1
kawin,1
kawinin,1
kweenyoon,1
mas,1
pemirsaaah,1
seret,1
siapkan,1
terdekat,1
above,1
blessing,1
thankful,1
orever,1
ou,1
author,1
croquet,1
lots,1
sunshine,1
vm,1
chilled,1
deserved,1
onedirection,1
coke,1
main,1
greet,1
alltid,1
denbitresannhet,1
hvordan,1
med,1
skal,1
stresser,1
bless,1
fam,1
releases,1
tape,1
version,1
dogs,1
dailyteenwords,1
lights,1
youe,1
ahooo,1
gangstarap,1
intro,1
king,1
chelseafc,1
regular,1
remains,1
visitor,1
fashion,1
birth,1
caitlynbennett,1
summers,1
jacked,1
region,1
rita,1
alcoholics,1
soccer,1
watchin,1
djk,1
hiphop,1
rap,1
holder,1
hottt,1
iklanterbaru,1
pocketbac,1
mengingat,1
hahahahhahaha,1
okok,1
cp,1
halaa,1
marecieve,1
nicardrgz,1
restart,1
twerkcin,1
edaily,1
soheeupdates,1
modadechicas,1
anything,1
enthusiasm,1
hopes,1
rise,1
yeast,1
broom,1
congress,1
stuagarwal,1
sweeping,1
freedownload,1
based,1
iron,1
judge,1
throne,1
result,1
cheap,1
hdmoviefun,1
online,1
jah,1
guild,1
ikut,1
often,1
multiplayerquot,1
quota,1
upcoming,1
vanisan,1
huda,1
cityal,1
link,1
stay,1
julieplec,1
woman,1
annual,1
bead,1
prices,1
aja,1
babyyy,1
fracasiwi,1
julie,1
liragustyari,1
nii,1
nomer,1
putri,1
tsel,1
omda,1
arranged,1
jonginsweg,1
magenta,1
rabbit,1
handsome,1
kendallscxnt,1
cuddles,1
mum,1
name,1
asks,1
ente,1
lrl,1
zq,1
tqr,1
ngerasa,1
pendiem,1
buyer,1
clearer,1
interested,1
onhand,1
yours,1
bff,1
cq,1
wif,1
cuma,1
mata,1
fs,1
tunaisgroovy,1
percent,1
sale,1
choose,1
pennyplanters,1
water,1
lived,1
lb,1
thankyou,1
haslinaaaaaa,1
nlookin,1
advertising,1
intact,1
locality,1
otherwise,1
besar,1
kira,1
memaafkan,1
tetap,1
sprite,1
vodka,1
afraid,1
lines,1
sleep,1
thats,1
financialnews,1
stocks,1
issue,1
magazine,1
xiumin,1
exam,1
student,1
duvinetroses,1
mon,1
goal,1
saintsfc,1
masa,1
pacaran,1
tattoo,1
acorda,1
adoro,1
ahahah,1
porque,1
quando,1
tonite,1
katchatters,1
adrolos,1
eyyy,1
group,1
told,1
hehehehe,1
jemput,1
kahwin,1
khhwin,1
lupa,1
ooi,1
rifqi,1
course,1
mz,1
cotton,1
efow,1
graphic,1
short,1
sleeve,1
trueambes,1
abomohamed,1
gnys,1
sold,1
blinds,1
timee,1
food,1
bangun,1
kak,1
ngapain,1
tidur,1
benak,1
para,1
pecundang,1
terlintas,1
nmk,1
nutti,1
mrgsjkay,1
historian,1
stirling,1
tour,1
town,1
yycbymuqm,1
fb,1
chess,1
entry,1
unfollower,1
habis,1
kebahagiaan,1
kesedihan,1
kesetiaan,1
lwt,1
mendalam,1
meneguk,1
menyisakan,1
perjalanan,1
sembunyikan,1
tawa,1
tegar,1
dyllafadzil,1
filem,1
panggung,1
sejak,1
duty,1
ensure,1
indiapostlive,1
law,1
role,1
states,1
announced,1
bmstores,1
campaign,1
gradowrestling,1
starting,1
frustrated,1
teygg,1
myklarolinesoul,1
bot,1
history,1
nadirsamaai,1
finish,1
hopefully,1
decorating,1
hottest,1
kisstory,1
smiling,1
spending,1
tunes,1
whilst,1
leather,1
pulang,1
aelst,1
exojippy,1
jkriestallee,1
tal,1
urwell,1
fulfil,1
given,1
nda,1
responsibility,1
ki,1
beau,1
bri,1
dans,1
dirait,1
foot,1
mdr,1
requin,1
rue,1
noochie,1
joy,1
jumping,1
participating,1
rejuvenate,1
significant,1
coetail,1
kids,1
perhaps,1
refine,1
research,1
rukenucci,1
skills,1
smth,1
william,1
xm,1
amajen,1
cutex,1
jalan,1
santai,1
league,1
sky,1
springboard,1
yous,1
crispmp,1
map,1
studying,1
futomaki,1
maja,1
markojaric,1
molim,1
stoj,1
buddy,1
nje,1
jefamode,1
kualitas,1
murah,1
oke,1
bed,1
applies,1
mouth,1
rid,1
favs,1
hungry,1
bokrugby,1
third,1
ohallodia,1
fr,1
neifyq,1
bieber,1
ipad,1
kq,1
thrill,1
walang,1
cyaninp,1
amount,1
revise,1
app,1
fruity,1
everyday,1
itssssawyer,1
pass,1
wyd,1
hri,1
maksimal,1
perjuangan,1
sia,1
regret,1
hatched,1
ideas,1
rec,1
ironic,1
elections,1
invites,1
buk,1
kamis,1
malah,1
supaya,1
getint,1
heeft,1
informatie,1
jarige,1
licht,1
postuur,1
tenger,1
vanaf,1
vermist,1
donnell,1
jones,1
biased,1
evil,1
kaisoosucks,1
opinions,1
yixingspixie,1
dipercaya,1
diyakini,1
hormon,1
makanan,1
meningkatkan,1
nyaman,1
pedas,1
pemberi,1
perasaan,1
sebagai,1
serotonin,1
benties,1
taxi,1
du,1
greenoathay,1
guinness,1
aur,1
baarish,1
baitha,1
bench,1
chal,1
dhoop,1
gaa,1
hai,1
halki,1
har,1
hawain,1
houn,1
jagha,1
mehak,1
parinday,1
phoolon,1
rahay,1
raheen,1
joananunez,1
gta,1
beating,1
force,1
uk,1
forthemany,1
involved,1
bliss,1
brainfreeze,1
cooler,1
pi,1
ahha,1
furniture,1
perabot,1
fly,1
strongest,1
wings,1
goldendawn,1
heroes,1
jobbik,1
villains,1
bomi,1
btsjonkuk,1
eunjijungshi,1
jungkrok,1
kuntii,1
kzohaye,1
naeunspink,1
artist,1
artnucleus,1
morow,1
waterways,1
drunktwi,1
eb,1
emotion,1
honest,1
tbh,1
tengok,1
laugh,1
dayutajime,1
sopdurenlodaya,1
heard,1
pisscop,1
helps,1
trouble,1
weeagil,1
bentar,1
eror,1
agad,1
dipa,1
khit,1
edsheeran,1
jhenbedelatorre,1
green,1
wondering,1
doll,1
decided,1
disregard,1
dreams,1
alicia,1
kui,1
ndah,1
nek,1
ramutu,1
rangeyel,1
creepy,1
gsu,1
hangout,1
azkiamrdhatllah,1
thx,1
pants,1
shoes,1
sturdy,1
awar,1
galb,1
kaaak,1
oulich,1
loxstomper,1
christina,1
miia,1
jll,1
yourkrystal,1
sss,1
details,1
molding,1
situations,1
smallest,1
findings,1
igrigorik,1
navigate,1
primary,1
recent,1
rely,1
users,1
web,1
gooo,1
lebo,1
lebza,1
sparr,1
el,1
pasok,1
attractive,1
dyan,1
retweeted,1
due,1
expo,1
four,1
waste,1
wash,1
althletico,1
dpnalb,1
annihilated,1
defined,1
moments,1
addiction,1
computer,1
langka,1
macem,1
speedjw,1
temenan,1
wk,1
bodoamaat,1
woo,1
noise,1
stretch,1
trendy,1
dam,1
albin,1
dw,1
afoot,1
boo,1
abuba,1
bogor,1
kayanya,1
mainstream,1
nyoba,1
depan,1
menit,1
prepare,1
siap,1
tayanganya,1
emanalsalem,1
cowo,1
jd,1
arch,1
bass,1
proud,1
hahahahaa,1
kaliya,1
mail,1
maliahasmil,1
mel,1
sponsored,1
vmgiving,1
yrmindzephyr,1
yoryeenn,1
billboards,1
abo,1
lsan,1
tawil,1
drakenhawk,1
defeats,1
tuned,1
pft,1
goodkisser,1
performance,1
cuuuuuuuuuuuute,1
kowakawa,1
pics,1
ruuukariin,1
soooo,1
listened,1
kitan,1
mulu,1
coba,1
adonitat,1
dadashinchi,1
chibimori,1
airmata,1
berbaldi,1
dxxlx,1
kuasa,1
muzik,1
phones,1
gelar,1
infobolaholic,1
nambah,1
aaint,1
dayy,1
peoplee,1
beats,1
hzllnscnlove,1
track,1
gie,1
lgu,1
ridwanenergi,1
tpi,1
dondrianicole,1
during,1
jsolworld,1
mdlrts,1
robinslens,1
shanarobin,1
boyz,1
carmeloanthony,1
height,1
iy,1
shot,1
drive,1
missus,1
dawoudbey,1
doctorate,1
honorary,1
honors,1
positively,1
touched,1
missventure,1
warm,1
imagination,1
kimyeo,1
begini,1
diliat,1
hari,1
menjelang,1
nyesek,1
sepanjang,1
cappucinocheesecake,1
doncasta,1
greetings,1
masta,1
bhae,1
convinced,1
heading,1
rite,1
bucks,1
gibsonpoing,1
damagecalum,1
pal,1
st,1
hatin,1
kathyyy,1
masterkalkunbdg,1
ahhahah,1
ais,1
nureenjohari,1
teh,1
character,1
material,1
onetruegays,1
mimo,1
catherine,1
office,1
tate,1
ramoiraaa,1
sofiaamontes,1
kenkou,1
qd,1
yangu,1
opens,1
paper,1
handmade,1
kulit,1
punk,1
punkrock,1
sultonshop,1
adult,1
amateur,1
porn,1
kedsredtour,1
lengang,1
pon,1
obrigada,1
paulinha,1
camera,1
jrawat,1
jt,1
keriput,1
magic,1
minggat,1
stick,1
consider,1
less,1
sensible,1
temperature,1
wind,1
totally,1
hais,1
plainless,1
sat,1
oho,1
added,1
playlist,1
kadang,1
kala,1
kewajiban,1
memang,1
sifatn,1
mood,1
burning,1
fat,1
foods,1
highest,1
potential,1
qu,1
selama,1
fji,1
michaelrickwoo,1
tattianax,1
menang,1
adw,1
dancingharryx,1
carolinedries,1
delenasanarchy,1
ganaremos,1
juntos,1
llegamos,1
swimming,1
aartic,1
certipower,1
fclub,1
jscmulu,1
michelleyuniar,1
decide,1
fate,1
ohmoviefacts,1
rar,1
bi,1
makeup,1
dawn,1
bizness,1
chomam,1
magqabs,1
meats,1
ndikuthengele,1
intense,1
legit,1
kedamaian,1
menyimpan,1
njw,1
vod,1
gooood,1
motha,1
queenbey,1
slayy,1
yellow,1
atleast,1
claims,1
date,1
medhanarmada,1
proof,1
childbearing,1
deviant,1
deviants,1
ppl,1
straight,1
bears,1
eywz,1
polar,1
enymur,1
hug,1
kers,1
burekom,1
ari,1
bravvv,1
comin,1
hav,1
ireland,1
jst,1
laff,1
sed,1
tlk,1
fulfillment,1
knowing,1
somewhere,1
wants,1
deh,1
juara,1
traktir,1
drumstick,1
efforts,1
fruition,1
amiami,1
alisxons,1
clicking,1
kit,1
launched,1
pre,1
baja,1
kali,1
jerky,1
del,1
efecto,1
fej,1
gran,1
promesa,1
quiere,1
repetir,1
abbigail,1
fab,1
belinda,1
makhaya,1
trend,1
westgate,1
xtiandela,1
eta,1
cracking,1
frfr,1
hrs,1
later,1
leaving,1
qe,1
wufaned,1
egg,1
tart,1
bhagat,1
chetan,1
dick,1
finger,1
hip,1
horny,1
lifting,1
middle,1
thrusting,1
jarpad,1
achorp,1
novelzz,1
sgt,1
wkwkwkwk,1
spiked,1
readingparkrun,1
kno,1
meant,1
nazandthat,1
subject,1
job,1
child,1
lasted,1
themanwhofell,1
three,1
weeks,1
randabumayleh,1
loses,1
lovers,1
class,1
half,1
honestly,1
nervous,1
yrn,1
anneliese,1
apples,1
bananas,1
breakfast,1
healthy,1
sounds,1
standards,1
esp,1
kidbyunt,1
citylovelights,1
release,1
tomiloba,1
zvbh,1
enjoy,1
lyrics,1
sad,1
capres,1
dirugikan,1
partai,1
rakyat,1
rugi,1
semua,1
siapa,1
legendary,1
bramble,1
dowding,1
abs,1
absent,1
allowed,1
bellbottoms,1
abubakr,1
ningsihsaputri,1
loveisgreys,1
dawnltinsley,1
gona,1
shes,1
indirect,1
idek,1
virgin,1
gqtk,1
mrsmalik,1
zap,1
surgical,1
threestain,1
training,1
doesn,1
mate,1
medal,1
cure,1
prepped,1
trimmed,1
mission,1
essence,1
existing,1
asap,1
dawng,1
ugmaaa,1
casetagram,1
entered,1
personalised,1
blair,1
brethren,1
brought,1
shark,1
selected,1
bbz,1
caring,1
enjoying,1
mufc,1
abaikan,1
jaga,1
kenalah,1
mcm,1
usaha,1
frenchcathy,1
nh,1
kans,1
heck,1
